Fecha,Tasa
1/3/2000,9.492
1/4/2000,9.4525
1/5/2000,9.5305
1/6/2000,9.5735
1/7/2000,9.495
1/10/2000,9.4425
1/11/2000,9.474
1/12/2000,9.5265
1/13/2000,9.4975
1/14/2000,9.4495
1/18/2000,9.4325
1/19/2000,9.4005
1/20/2000,9.3965
1/21/2000,9.4425
1/24/2000,9.49
1/25/2000,9.5265
1/26/2000,9.5065
1/27/2000,9.5125
1/28/2000,9.5625
1/31/2000,9.6245
2/1/2000,9.595
2/2/2000,9.5655
2/3/2000,9.4895
2/4/2000,9.4765
2/7/2000,9.4255
2/8/2000,9.3925
2/9/2000,9.3925
2/10/2000,9.4325
2/11/2000,9.4225
2/14/2000,9.3895
2/15/2000,9.3845
2/16/2000,9.3665
2/17/2000,9.3865
2/18/2000,9.3615
2/22/2000,9.4345
2/23/2000,9.4065
2/24/2000,9.3825
2/25/2000,9.3645
2/28/2000,9.3925
2/29/2000,9.3625
3/1/2000,9.3625
3/2/2000,9.3325
3/3/2000,9.3125
3/6/2000,9.3125
3/7/2000,9.265
3/8/2000,9.2575
3/9/2000,9.2725
3/10/2000,9.3025
3/13/2000,9.34
3/14/2000,9.3025
3/15/2000,9.3325
3/16/2000,9.3175
3/17/2000,9.3125
3/20/2000,9.3125
3/21/2000,9.29
3/22/2000,9.265
3/23/2000,9.2425
3/24/2000,9.165
3/27/2000,9.1725
3/28/2000,9.1975
3/29/2000,9.2495
3/30/2000,9.3015
3/31/2000,9.248
4/3/2000,9.2677
4/4/2000,9.3173
4/5/2000,9.3705
4/6/2000,9.35
4/7/2000,9.295
4/10/2000,9.335
4/11/2000,9.3705
4/12/2000,9.391
4/13/2000,9.43
4/14/2000,9.5
4/17/2000,9.4575
4/18/2000,9.395
4/19/2000,9.408
4/20/2000,9.39
4/24/2000,9.435
4/25/2000,9.4008
4/26/2000,9.41
4/27/2000,9.4215
4/28/2000,9.3943
5/1/2000,9.3375
5/2/2000,9.335
5/3/2000,9.39
5/4/2000,9.4
5/5/2000,9.485
5/8/2000,9.49
5/9/2000,9.5302
5/10/2000,9.615
5/11/2000,9.5695
5/12/2000,9.5825
5/15/2000,9.5833
5/16/2000,9.5
5/17/2000,9.5392
5/18/2000,9.55
5/19/2000,9.5625
5/22/2000,9.525
5/23/2000,9.516
5/24/2000,9.485
5/25/2000,9.5216
5/26/2000,9.5325
5/30/2000,9.5045
5/31/2000,9.5063
6/1/2000,9.5125
6/2/2000,9.5498
6/5/2000,9.58
6/6/2000,9.755
6/7/2000,9.84
6/8/2000,9.945
6/9/2000,9.8935
6/12/2000,9.835
6/13/2000,9.79
6/14/2000,9.79
6/15/2000,9.86
6/16/2000,9.877
6/19/2000,9.8585
6/20/2000,9.865
6/21/2000,9.855
6/22/2000,9.935
6/23/2000,9.9376
6/26/2000,10.075
6/27/2000,10.06
6/28/2000,9.95
6/29/2000,9.895
6/30/2000,9.835
7/3/2000,9.5455
7/5/2000,9.54
7/6/2000,9.555
7/7/2000,9.492
7/10/2000,9.46
7/11/2000,9.47
7/12/2000,9.44
7/13/2000,9.455
7/14/2000,9.375
7/17/2000,9.32
7/18/2000,9.34
7/19/2000,9.425
7/20/2000,9.34
7/21/2000,9.3625
7/24/2000,9.37
7/25/2000,9.35
7/26/2000,9.35
7/27/2000,9.35
7/28/2000,9.383
7/31/2000,9.345
8/1/2000,9.34
8/2/2000,9.35
8/3/2000,9.377
8/4/2000,9.328
8/7/2000,9.32
8/8/2000,9.325
8/9/2000,9.31
8/10/2000,9.33
8/11/2000,9.2626
8/14/2000,9.255
8/15/2000,9.21
8/16/2000,9.1975
8/17/2000,9.21
8/18/2000,9.2625
8/21/2000,9.255
8/22/2000,9.24
8/23/2000,9.225
8/24/2000,9.21
8/25/2000,9.23
8/28/2000,9.22
8/29/2000,9.2225
8/30/2000,9.24
8/31/2000,9.2
9/1/2000,9.23
9/5/2000,9.28
9/6/2000,9.33
9/7/2000,9.29
9/8/2000,9.2959
9/11/2000,9.25
9/12/2000,9.24
9/13/2000,9.3
9/14/2000,9.2875
9/15/2000,9.396
9/18/2000,9.44
9/19/2000,9.39
9/20/2000,9.44
9/21/2000,9.4325
9/22/2000,9.42
9/25/2000,9.421
9/26/2000,9.41
9/27/2000,9.415
9/28/2000,9.435
9/29/2000,9.4365
10/2/2000,9.415
10/3/2000,9.42
10/4/2000,9.435
10/5/2000,9.445
10/6/2000,9.4705
10/9/2000,9.456
10/10/2000,9.47
10/11/2000,9.47
10/12/2000,9.635
10/13/2000,9.5165
10/16/2000,9.53
10/17/2000,9.54
10/18/2000,9.55
10/19/2000,9.535
10/20/2000,9.556
10/23/2000,9.59
10/24/2000,9.615
10/25/2000,9.665
10/26/2000,9.65
10/27/2000,9.631
10/30/2000,9.595
10/31/2000,9.56
11/1/2000,9.59
11/2/2000,9.57
11/3/2000,9.6495
11/6/2000,9.67
11/7/2000,9.6
11/8/2000,9.65
11/9/2000,9.6225
11/10/2000,9.565
11/13/2000,9.51
11/14/2000,9.5
11/15/2000,9.4612
11/16/2000,9.4918
11/17/2000,9.4513
11/20/2000,9.4105
11/21/2000,9.4014
11/22/2000,9.371
11/24/2000,9.3895
11/27/2000,9.361
11/28/2000,9.425
11/29/2000,9.395
11/30/2000,9.42
12/1/2000,9.4
12/4/2000,9.3975
12/5/2000,9.395
12/6/2000,9.41
12/7/2000,9.42
12/8/2000,9.4565
12/11/2000,9.45
12/12/2000,9.47
12/13/2000,9.395
12/14/2000,9.43
12/15/2000,9.4025
12/18/2000,9.362
12/19/2000,9.42
12/20/2000,9.51
12/21/2000,9.634
12/22/2000,9.59
12/26/2000,9.5725
12/27/2000,9.57
12/28/2000,9.578
12/29/2000,9.6145
1/2/2001,9.81
1/3/2001,9.655
1/4/2001,9.74
1/5/2001,9.749
1/8/2001,9.72
1/9/2001,9.77
1/10/2001,9.82
1/11/2001,9.875
1/12/2001,9.88
1/16/2001,9.955
1/17/2001,9.875
1/18/2001,9.81
1/19/2001,9.795
1/22/2001,9.785
1/23/2001,9.735
1/24/2001,9.67
1/25/2001,9.685
1/26/2001,9.67
1/29/2001,9.6101
1/30/2001,9.67
1/31/2001,9.66
2/1/2001,9.78
2/2/2001,9.756
2/5/2001,9.76
2/6/2001,9.7
2/7/2001,9.68
2/8/2001,9.67
2/9/2001,9.7441
2/12/2001,9.7
2/13/2001,9.71
2/14/2001,9.71
2/15/2001,9.675
2/16/2001,9.7075
2/20/2001,9.6895
2/21/2001,9.73
2/22/2001,9.7
2/23/2001,9.665
2/26/2001,9.67
2/27/2001,9.68
2/28/2001,9.675
3/1/2001,9.665
3/2/2001,9.6465
3/5/2001,9.6255
3/6/2001,9.66
3/7/2001,9.64
3/8/2001,9.65
3/9/2001,9.6385
3/12/2001,9.66
3/13/2001,9.58
3/14/2001,9.58
3/15/2001,9.61
3/16/2001,9.6255
3/19/2001,9.53
3/20/2001,9.525
3/21/2001,9.5225
3/22/2001,9.605
3/23/2001,9.6355
3/26/2001,9.52
3/27/2001,9.53
3/28/2001,9.525
3/29/2001,9.52
3/30/2001,9.4565
4/2/2001,9.41
4/3/2001,9.41
4/4/2001,9.4152
4/5/2001,9.42
4/6/2001,9.4045
4/9/2001,9.349
4/10/2001,9.29
4/11/2001,9.31
4/12/2001,9.3025
4/16/2001,9.3051
4/17/2001,9.21
4/18/2001,9.24
4/19/2001,9.31
4/20/2001,9.367
4/23/2001,9.35
4/24/2001,9.28
4/25/2001,9.2931
4/26/2001,9.315
4/27/2001,9.265
4/30/2001,9.24
5/1/2001,9.25
5/2/2001,9.275
5/3/2001,9.265
5/4/2001,9.263
5/7/2001,9.1885
5/8/2001,9.2
5/9/2001,9.2
5/10/2001,9.21
5/11/2001,9.218
5/14/2001,9.16
5/15/2001,9.18
5/16/2001,9.14
5/17/2001,8.975
5/18/2001,9.02
5/21/2001,8.96
5/22/2001,8.99
5/23/2001,9.07
5/24/2001,9.075
5/25/2001,9.085
5/29/2001,9.1
5/30/2001,9.18
5/31/2001,9.175
6/1/2001,9.158
6/4/2001,9.16
6/5/2001,9.14
6/6/2001,9.13
6/7/2001,9.1
6/8/2001,9.0395
6/11/2001,9.04
6/12/2001,9.13
6/13/2001,9.04
6/14/2001,9.095
6/15/2001,9.023
6/18/2001,9.06
6/19/2001,9.075
6/20/2001,9.07
6/21/2001,9.065
6/22/2001,9.065
6/25/2001,9.05
6/26/2001,9.025
6/27/2001,9.05
6/28/2001,9.08
6/29/2001,9.036
7/2/2001,9.02
7/3/2001,9.05
7/5/2001,9.065
7/6/2001,9.136
7/9/2001,9.11
7/10/2001,9.17
7/11/2001,9.24
7/12/2001,9.35
7/13/2001,9.35
7/16/2001,9.265
7/17/2001,9.13
7/18/2001,9.21
7/19/2001,9.195
7/20/2001,9.1355
7/23/2001,9.11
7/24/2001,9.15
7/25/2001,9.15
7/26/2001,9.22
7/27/2001,9.161
7/30/2001,9.155
7/31/2001,9.17
8/1/2001,9.21
8/2/2001,9.16
8/3/2001,9.1585
8/6/2001,9.14
8/7/2001,9.12
8/8/2001,9.09
8/9/2001,9.114
8/10/2001,9.08
8/13/2001,9.095
8/14/2001,9.1275
8/15/2001,9.07
8/16/2001,9.04
8/17/2001,9.13
8/20/2001,9.12
8/21/2001,9.15
8/22/2001,9.11
8/23/2001,9.13
8/24/2001,9.0955
8/27/2001,9.12
8/28/2001,9.14
8/29/2001,9.14
8/30/2001,9.2
8/31/2001,9.1988
9/4/2001,9.2
9/5/2001,9.25
9/6/2001,9.3
9/7/2001,9.347
9/10/2001,9.39
9/11/2001,9.39
9/12/2001,9.39
9/13/2001,9.39
9/14/2001,9.39
9/17/2001,9.445
9/18/2001,9.42
9/19/2001,9.43
9/20/2001,9.48
9/21/2001,9.438
9/24/2001,9.445
9/25/2001,9.49
9/26/2001,9.54
9/27/2001,9.5
9/28/2001,9.509
10/1/2001,9.46
10/2/2001,9.52
10/3/2001,9.52
10/4/2001,9.6
10/5/2001,9.555
10/8/2001,9.569
10/9/2001,9.45
10/10/2001,9.36
10/11/2001,9.3587
10/12/2001,9.323
10/15/2001,9.27
10/16/2001,9.19
10/17/2001,9.24
10/18/2001,9.19
10/19/2001,9.2065
10/22/2001,9.23
10/23/2001,9.225
10/24/2001,9.23
10/25/2001,9.25
10/26/2001,9.235
10/29/2001,9.26
10/30/2001,9.25
10/31/2001,9.28
11/1/2001,9.3
11/2/2001,9.27
11/5/2001,9.215
11/6/2001,9.2
11/7/2001,9.21
11/8/2001,9.215
11/9/2001,9.2465
11/12/2001,9.27
11/13/2001,9.24
11/14/2001,9.19
11/15/2001,9.22
11/16/2001,9.197
11/19/2001,9.15
11/20/2001,9.1625
11/21/2001,9.1495
11/23/2001,9.15
11/26/2001,9.19
11/27/2001,9.26
11/28/2001,9.26
11/29/2001,9.28
11/30/2001,9.219
12/3/2001,9.23
12/4/2001,9.22
12/5/2001,9.21
12/6/2001,9.23
12/7/2001,9.1885
12/10/2001,9.19
12/11/2001,9.14
12/12/2001,9.13
12/13/2001,9.09
12/14/2001,9.102
12/17/2001,9.11
12/18/2001,9.09
12/19/2001,9.13
12/20/2001,9.16
12/21/2001,9.125
12/24/2001,9.09
12/26/2001,9.13
12/27/2001,9.1475
12/28/2001,9.175
12/31/2001,9.1525
1/2/2002,9.1
1/3/2002,9.11
1/4/2002,9.1615
1/7/2002,9.155
1/8/2002,9.23
1/9/2002,9.215
1/10/2002,9.275
1/11/2002,9.197
1/14/2002,9.215
1/15/2002,9.175
1/16/2002,9.18
1/17/2002,9.11
1/18/2002,9.135
1/22/2002,9.15
1/23/2002,9.13
1/24/2002,9.13
1/25/2002,9.1397
1/28/2002,9.17
1/29/2002,9.21
1/30/2002,9.145
1/31/2002,9.14
2/1/2002,9.1545
2/4/2002,9.155
2/5/2002,9.12
2/6/2002,9.11
2/7/2002,9.16
2/8/2002,9.067
2/11/2002,9.09
2/12/2002,9.065
2/13/2002,9.08
2/14/2002,9.08
2/15/2002,9.04
2/19/2002,9.09
2/20/2002,9.07
2/21/2002,9.082
2/22/2002,9.09
2/25/2002,9.07
2/26/2002,9.09
2/27/2002,9.0925
2/28/2002,9.12
3/1/2002,9.0813
3/4/2002,9.09
3/5/2002,9.07
3/6/2002,9.07
3/7/2002,9.075
3/8/2002,9.0692
3/11/2002,9.06
3/12/2002,9.095
3/13/2002,9.105
3/14/2002,9.11
3/15/2002,9.0745
3/18/2002,9.07
3/19/2002,9.06
3/20/2002,9.065
3/21/2002,9.04
3/22/2002,9.043
3/25/2002,9
3/26/2002,9.03
3/27/2002,9
3/28/2002,9.005
4/1/2002,9.005
4/2/2002,9.03
4/3/2002,9.03
4/4/2002,9.024
4/5/2002,8.9965
4/8/2002,9.0225
4/9/2002,9.0235
4/10/2002,9.05
4/11/2002,9.095
4/12/2002,9.1475
4/15/2002,9.17
4/16/2002,9.16
4/17/2002,9.22
4/18/2002,9.2215
4/19/2002,9.2675
4/22/2002,9.2555
4/23/2002,9.26
4/24/2002,9.28
4/25/2002,9.33
4/26/2002,9.32
4/29/2002,9.365
4/30/2002,9.405
5/1/2002,9.405
5/2/2002,9.47
5/3/2002,9.4405
5/6/2002,9.52
5/7/2002,9.48
5/8/2002,9.42
5/9/2002,9.48
5/10/2002,9.4995
5/13/2002,9.54
5/14/2002,9.47
5/15/2002,9.47
5/16/2002,9.46
5/17/2002,9.4575
5/20/2002,9.495
5/21/2002,9.495
5/22/2002,9.54
5/23/2002,9.54
5/24/2002,9.555
5/28/2002,9.58
5/29/2002,9.645
5/30/2002,9.69
5/31/2002,9.634
6/3/2002,9.621
6/4/2002,9.73
6/5/2002,9.74
6/6/2002,9.73
6/7/2002,9.73
6/10/2002,9.6835
6/11/2002,9.7005
6/12/2002,9.73
6/13/2002,9.62
6/14/2002,9.6435
6/17/2002,9.59
6/18/2002,9.645
6/19/2002,9.74
6/20/2002,9.89
6/21/2002,9.925
6/24/2002,9.85
6/25/2002,9.84
6/26/2002,9.94
6/27/2002,9.96
6/28/2002,9.9325
7/1/2002,9.975
7/2/2002,9.97
7/3/2002,9.96
7/5/2002,9.9095
7/8/2002,9.9185
7/9/2002,9.8325
7/10/2002,9.84
7/11/2002,9.74
7/12/2002,9.7145
7/15/2002,9.75
7/16/2002,9.725
7/17/2002,9.68
7/18/2002,9.67
7/19/2002,9.6545
7/22/2002,9.65
7/23/2002,9.6455
7/24/2002,9.668
7/25/2002,9.78
7/26/2002,9.7121
7/29/2002,9.705
7/30/2002,9.7425
7/31/2002,9.8645
8/1/2002,9.8285
8/2/2002,9.81
8/5/2002,9.7887
8/6/2002,9.73
8/7/2002,9.732
8/8/2002,9.7425
8/9/2002,9.7805
8/12/2002,9.9175
8/13/2002,9.935
8/14/2002,9.955
8/15/2002,9.915
8/16/2002,9.8055
8/19/2002,9.72
8/20/2002,9.788
8/21/2002,9.805
8/22/2002,9.81
8/23/2002,9.8385
8/26/2002,9.83
8/27/2002,9.91
8/28/2002,9.905
8/29/2002,9.91
8/30/2002,9.9425
9/3/2002,10.02
9/4/2002,9.985
9/5/2002,10.0025
9/6/2002,9.9705
9/9/2002,9.9344
9/10/2002,9.9851
9/11/2002,9.975
9/12/2002,9.9675
9/13/2002,9.9575
9/16/2002,9.9825
9/17/2002,9.955
9/18/2002,10.0105
9/19/2002,10.18
9/20/2002,10.2805
9/23/2002,10.25
9/24/2002,10.275
9/25/2002,10.22
9/26/2002,10.14
9/27/2002,10.18
9/30/2002,10.19
10/1/2002,10.1
10/2/2002,10.115
10/3/2002,10.17
10/4/2002,10.1693
10/7/2002,10.2
10/8/2002,10.14
10/9/2002,10.22
10/10/2002,10.18
10/11/2002,10.1075
10/14/2002,10.103
10/15/2002,10.0875
10/16/2002,10.0525
10/17/2002,10.002
10/18/2002,9.9664
10/21/2002,9.9425
10/22/2002,9.9775
10/23/2002,9.9525
10/24/2002,9.97
10/25/2002,9.9834
10/28/2002,10.06
10/29/2002,10.185
10/30/2002,10.185
10/31/2002,10.2
11/1/2002,10.1833
11/4/2002,10.175
11/5/2002,10.195
11/6/2002,10.18
11/7/2002,10.26
11/8/2002,10.3175
11/11/2002,10.3375
11/12/2002,10.295
11/13/2002,10.2355
11/14/2002,10.2175
11/15/2002,10.2275
11/18/2002,10.1425
11/19/2002,10.1665
11/20/2002,10.1125
11/21/2002,10.1195
11/22/2002,10.113
11/25/2002,10.1025
11/26/2002,10.1715
11/27/2002,10.1543
11/29/2002,10.1375
12/2/2002,10.1085
12/3/2002,10.1705
12/4/2002,10.2705
12/5/2002,10.2775
12/6/2002,10.2275
12/9/2002,10.2025
12/10/2002,10.1815
12/11/2002,10.1688
12/12/2002,10.207
12/13/2002,10.1614
12/16/2002,10.1935
12/17/2002,10.2275
12/18/2002,10.1605
12/19/2002,10.1775
12/20/2002,10.1871
12/23/2002,10.1855
12/24/2002,10.1855
12/26/2002,10.234
12/27/2002,10.3225
12/30/2002,10.361
12/31/2002,10.4285
1/2/2003,10.37
1/3/2003,10.3935
1/6/2003,10.3965
1/7/2003,10.3525
1/8/2003,10.4385
1/9/2003,10.4485
1/10/2003,10.5455
1/13/2003,10.5105
1/14/2003,10.4515
1/15/2003,10.4904
1/16/2003,10.5265
1/17/2003,10.6055
1/21/2003,10.8325
1/22/2003,10.7995
1/23/2003,10.729
1/24/2003,10.8518
1/27/2003,10.8975
1/28/2003,10.9363
1/29/2003,10.921
1/30/2003,10.9285
1/31/2003,10.9013
2/3/2003,10.8965
2/4/2003,10.9376
2/5/2003,10.8595
2/6/2003,10.9055
2/7/2003,11.005
2/10/2003,10.955
2/11/2003,10.972
2/12/2003,10.9525
2/13/2003,10.9341
2/14/2003,10.8225
2/18/2003,10.8175
2/19/2003,10.8376
2/20/2003,10.9541
2/21/2003,10.9375
2/24/2003,10.99
2/25/2003,11.0438
2/26/2003,11.03
2/27/2003,11.02
2/28/2003,11.011
3/3/2003,11.095
3/4/2003,11.1235
3/5/2003,11.214
3/6/2003,11.1595
3/7/2003,11.0975
3/10/2003,11.0575
3/11/2003,10.9105
3/12/2003,10.8075
3/13/2003,10.8575
3/14/2003,10.9005
3/17/2003,10.7625
3/18/2003,10.895
3/19/2003,10.8385
3/20/2003,10.8145
3/21/2003,10.7069
3/24/2003,10.7635
3/25/2003,10.6945
3/26/2003,10.7195
3/27/2003,10.728
3/28/2003,10.7218
3/31/2003,10.7611
4/1/2003,10.7255
4/2/2003,10.645
4/3/2003,10.6755
4/4/2003,10.722
4/7/2003,10.7025
4/8/2003,10.7899
4/9/2003,10.7685
4/10/2003,10.7075
4/11/2003,10.618
4/14/2003,10.6525
4/15/2003,10.6105
4/16/2003,10.6175
4/17/2003,10.5275
4/21/2003,10.5225
4/22/2003,10.5595
4/23/2003,10.465
4/24/2003,10.4145
4/25/2003,10.4068
4/28/2003,10.3645
4/29/2003,10.275
4/30/2003,10.2585
5/1/2003,10.2295
5/2/2003,10.212
5/5/2003,10.1875
5/6/2003,10.265
5/7/2003,10.2025
5/8/2003,10.1175
5/9/2003,10.1475
5/12/2003,10.1875
5/13/2003,10.1175
5/14/2003,10.292
5/15/2003,10.425
5/16/2003,10.2948
5/19/2003,10.342
5/20/2003,10.2444
5/21/2003,10.2089
5/22/2003,10.2575
5/23/2003,10.2475
5/27/2003,10.41
5/28/2003,10.367
5/29/2003,10.3045
5/30/2003,10.309
6/2/2003,10.2385
6/3/2003,10.283
6/4/2003,10.469
6/5/2003,10.526
6/6/2003,10.725
6/9/2003,10.649
6/10/2003,10.655
6/11/2003,10.5595
6/12/2003,10.6519
6/13/2003,10.528
6/16/2003,10.4594
6/17/2003,10.4885
6/18/2003,10.593
6/19/2003,10.481
6/20/2003,10.491
6/23/2003,10.471
6/24/2003,10.491
6/25/2003,10.4675
6/26/2003,10.4575
6/27/2003,10.417
6/30/2003,10.448
7/1/2003,10.433
7/2/2003,10.49
7/3/2003,10.416
7/7/2003,10.552
7/8/2003,10.495
7/9/2003,10.496
7/10/2003,10.429
7/11/2003,10.386
7/14/2003,10.397
7/15/2003,10.454
7/16/2003,10.357
7/17/2003,10.372
7/18/2003,10.357
7/21/2003,10.425
7/22/2003,10.424
7/23/2003,10.557
7/24/2003,10.53
7/25/2003,10.477
7/28/2003,10.449
7/29/2003,10.516
7/30/2003,10.459
7/31/2003,10.589
8/1/2003,10.567
8/4/2003,10.698
8/5/2003,10.736
8/6/2003,10.7
8/7/2003,10.665
8/8/2003,10.6515
8/11/2003,10.745
8/12/2003,10.7275
8/13/2003,10.705
8/14/2003,10.689
8/15/2003,10.689
8/18/2003,10.718
8/19/2003,10.835
8/20/2003,10.8175
8/21/2003,10.87
8/22/2003,10.834
8/25/2003,10.871
8/26/2003,10.941
8/27/2003,10.903
8/28/2003,11.045
8/29/2003,11.032
9/2/2003,10.996
9/3/2003,10.904
9/4/2003,10.85
9/5/2003,10.876
9/8/2003,11.03
9/9/2003,10.965
9/10/2003,10.931
9/11/2003,10.995
9/12/2003,10.9645
9/15/2003,10.937
9/16/2003,10.867
9/17/2003,10.903
9/18/2003,10.906
9/19/2003,10.8705
9/22/2003,10.76
9/23/2003,10.847
9/24/2003,10.775
9/25/2003,10.871
9/26/2003,10.995
9/29/2003,10.968
9/30/2003,10.977
10/1/2003,11.0095
10/2/2003,11.162
10/3/2003,11.232
10/6/2003,11.288
10/7/2003,11.23
10/8/2003,11.29
10/9/2003,11.222
10/10/2003,11.17
10/13/2003,11.171
10/14/2003,11.2085
10/15/2003,11.19
10/16/2003,11.273
10/17/2003,11.213
10/20/2003,11.134
10/21/2003,11.1275
10/22/2003,11.237
10/23/2003,11.162
10/24/2003,11.141
10/27/2003,11.091
10/28/2003,11.0555
10/29/2003,11.073
10/30/2003,11.0498
10/31/2003,11.0119
11/3/2003,10.975
11/4/2003,11.006
11/5/2003,10.971
11/6/2003,10.947
11/7/2003,10.98
11/10/2003,10.94
11/11/2003,10.94
11/12/2003,11.109
11/13/2003,11.143
11/14/2003,11.145
11/17/2003,11.147
11/18/2003,11.2175
11/19/2003,11.188
11/20/2003,11.1895
11/21/2003,11.2095
11/24/2003,11.28
11/25/2003,11.28
11/26/2003,11.3645
11/28/2003,11.3745
12/1/2003,11.3675
12/2/2003,11.3085
12/3/2003,11.2575
12/4/2003,11.2105
12/5/2003,11.2055
12/8/2003,11.2355
12/9/2003,11.162
12/10/2003,11.225
12/11/2003,11.1325
12/12/2003,11.244
12/15/2003,11.3025
12/16/2003,11.2605
12/17/2003,11.2435
12/18/2003,11.2375
12/19/2003,11.2247
12/22/2003,11.295
12/23/2003,11.266
12/24/2003,11.268
12/26/2003,11.217
12/29/2003,11.2145
12/30/2003,11.2185
12/31/2003,11.225
1/2/2004,11.064
1/5/2004,10.999
1/6/2004,10.92
1/7/2004,10.8895
1/8/2004,10.8645
1/9/2004,10.815
1/12/2004,10.8175
1/13/2004,10.8751
1/14/2004,10.8315
1/15/2004,10.8395
1/16/2004,10.8245
1/20/2004,10.8725
1/21/2004,10.9735
1/22/2004,11.0675
1/23/2004,10.8895
1/26/2004,10.9075
1/27/2004,10.9215
1/28/2004,10.96
1/29/2004,11.1165
1/30/2004,11.0578
2/2/2004,11.0105
2/3/2004,11.085
2/4/2004,11.1565
2/5/2004,11.1712
2/6/2004,11.1075
2/9/2004,11.1175
2/10/2004,11.1217
2/11/2004,10.975
2/12/2004,10.9485
2/13/2004,10.9375
2/17/2004,10.9
2/18/2004,10.9775
2/19/2004,10.9575
2/20/2004,10.9395
2/23/2004,11.035
2/24/2004,11.0838
2/25/2004,11.0695
2/26/2004,11.0555
2/27/2004,11.0525
3/1/2004,10.9565
3/2/2004,10.9525
3/3/2004,11.0555
3/4/2004,10.95
3/5/2004,10.92
3/8/2004,10.9635
3/9/2004,10.9487
3/10/2004,10.9625
3/11/2004,11.03
3/12/2004,10.9475
3/15/2004,11.0082
3/16/2004,11.035
3/17/2004,10.9625
3/18/2004,10.9645
3/19/2004,10.9625
3/22/2004,10.978
3/23/2004,10.9655
3/24/2004,11.0325
3/25/2004,11.031
3/26/2004,11.1
3/29/2004,11.2125
3/30/2004,11.1848
3/31/2004,11.1315
4/1/2004,11.195
4/2/2004,11.1545
4/5/2004,11.1455
4/6/2004,11.16
4/7/2004,11.2205
4/8/2004,11.19
4/12/2004,11.2245
4/13/2004,11.2412
4/14/2004,11.2985
4/15/2004,11.2535
4/16/2004,11.255
4/19/2004,11.25
4/20/2004,11.32
4/21/2004,11.296
4/22/2004,11.353
4/23/2004,11.325
4/26/2004,11.276
4/27/2004,11.272
4/28/2004,11.372
4/29/2004,11.42
4/30/2004,11.411
5/3/2004,11.4625
5/4/2004,11.4125
5/5/2004,11.395
5/6/2004,11.438
5/7/2004,11.575
5/10/2004,11.6725
5/11/2004,11.59
5/12/2004,11.605
5/13/2004,11.6225
5/14/2004,11.534
5/17/2004,11.51
5/18/2004,11.54
5/19/2004,11.5462
5/20/2004,11.578
5/21/2004,11.572
5/24/2004,11.491
5/25/2004,11.47
5/26/2004,11.453
5/27/2004,11.409
5/28/2004,11.4075
6/1/2004,11.4625
6/2/2004,11.4625
6/3/2004,11.44
6/4/2004,11.413
6/7/2004,11.36
6/8/2004,11.352
6/9/2004,11.3725
6/10/2004,11.363
6/14/2004,11.4605
6/15/2004,11.383
6/16/2004,11.359
6/17/2004,11.337
6/18/2004,11.336
6/21/2004,11.3065
6/22/2004,11.327
6/23/2004,11.3435
6/24/2004,11.325
6/25/2004,11.337
6/28/2004,11.4825
6/29/2004,11.5025
6/30/2004,11.476
7/1/2004,11.53
7/2/2004,11.4475
7/6/2004,11.4755
7/7/2004,11.4925
7/8/2004,11.5315
7/9/2004,11.484
7/12/2004,11.498
7/13/2004,11.4652
7/14/2004,11.445
7/15/2004,11.4765
7/16/2004,11.4145
7/19/2004,11.3725
7/20/2004,11.409
7/21/2004,11.465
7/22/2004,11.428
7/23/2004,11.4438
7/26/2004,11.48
7/27/2004,11.4825
7/28/2004,11.433
7/29/2004,11.4175
7/30/2004,11.4105
8/2/2004,11.4182
8/3/2004,11.415
8/4/2004,11.4475
8/5/2004,11.425
8/6/2004,11.3952
8/9/2004,11.4012
8/10/2004,11.4215
8/11/2004,11.415
8/12/2004,11.42
8/13/2004,11.385
8/16/2004,11.3765
8/17/2004,11.335
8/18/2004,11.355
8/19/2004,11.357
8/20/2004,11.32
8/23/2004,11.3748
8/24/2004,11.369
8/25/2004,11.3613
8/26/2004,11.3512
8/27/2004,11.3895
8/30/2004,11.402
8/31/2004,11.381
9/1/2004,11.4255
9/2/2004,11.505
9/3/2004,11.5115
9/7/2004,11.5825
9/8/2004,11.5895
9/9/2004,11.5825
9/10/2004,11.6075
9/13/2004,11.56
9/14/2004,11.5625
9/15/2004,11.5195
9/16/2004,11.4985
9/17/2004,11.452
9/20/2004,11.4545
9/21/2004,11.406
9/22/2004,11.391
9/23/2004,11.422
9/24/2004,11.4125
9/27/2004,11.4225
9/28/2004,11.4275
9/29/2004,11.4125
9/30/2004,11.3775
10/1/2004,11.3385
10/4/2004,11.3155
10/5/2004,11.29
10/6/2004,11.2855
10/7/2004,11.265
10/8/2004,11.2412
10/11/2004,11.2377
10/12/2004,11.2475
10/13/2004,11.27
10/14/2004,11.3775
10/15/2004,11.454
10/18/2004,11.4485
10/19/2004,11.434
10/20/2004,11.4805
10/21/2004,11.4415
10/22/2004,11.506
10/25/2004,11.5315
10/26/2004,11.495
10/27/2004,11.524
10/28/2004,11.527
10/29/2004,11.5312
11/1/2004,11.5195
11/2/2004,11.4445
11/3/2004,11.4305
11/4/2004,11.412
11/5/2004,11.382
11/8/2004,11.4225
11/9/2004,11.4425
11/10/2004,11.41
11/11/2004,11.4125
11/12/2004,11.353
11/15/2004,11.365
11/16/2004,11.3615
11/17/2004,11.298
11/18/2004,11.34
11/19/2004,11.3825
11/22/2004,11.365
11/23/2004,11.3312
11/24/2004,11.279
11/26/2004,11.262
11/29/2004,11.2512
11/30/2004,11.2335
12/1/2004,11.144
12/2/2004,11.158
12/3/2004,11.0942
12/6/2004,11.1475
12/7/2004,11.199
12/8/2004,11.248
12/9/2004,11.2624
12/10/2004,11.3311
12/13/2004,11.2588
12/14/2004,11.244
12/15/2004,11.1698
12/16/2004,11.2445
12/17/2004,11.2175
12/20/2004,11.1605
12/21/2004,11.175
12/22/2004,11.1573
12/23/2004,11.1425
12/27/2004,11.155
12/28/2004,11.233
12/29/2004,11.2475
12/30/2004,11.169
12/31/2004,11.139
1/3/2005,11.223
1/4/2005,11.387
1/5/2005,11.3495
1/6/2005,11.3733
1/7/2005,11.2657
1/10/2005,11.2445
1/11/2005,11.214
1/12/2005,11.1635
1/13/2005,11.2025
1/14/2005,11.2125
1/18/2005,11.25
1/19/2005,11.2185
1/20/2005,11.292
1/21/2005,11.2325
1/24/2005,11.2375
1/25/2005,11.2915
1/26/2005,11.2512
1/27/2005,11.2875
1/28/2005,11.2412
1/31/2005,11.1695
2/1/2005,11.1675
2/2/2005,11.144
2/3/2005,11.162
2/4/2005,11.1415
2/7/2005,11.1825
2/8/2005,11.2
2/9/2005,11.156
2/10/2005,11.1525
2/11/2005,11.1425
2/14/2005,11.1505
2/15/2005,11.1695
2/16/2005,11.143
2/17/2005,11.0775
2/18/2005,11.0675
2/22/2005,11.0675
2/23/2005,11.0835
2/24/2005,11.1035
2/25/2005,11.09
2/28/2005,11.1
3/1/2005,11.0925
3/2/2005,11.0825
3/3/2005,11.0455
3/4/2005,11.0495
3/7/2005,11.0495
3/8/2005,10.9762
3/9/2005,11.031
3/10/2005,11.0252
3/11/2005,11.0252
3/14/2005,11.0252
3/15/2005,11.0252
3/16/2005,11.0252
3/17/2005,11.0252
3/18/2005,11.1635
3/21/2005,11.245
3/22/2005,11.2425
3/23/2005,11.28
3/24/2005,11.2685
3/28/2005,11.3025
3/29/2005,11.27
3/30/2005,11.2185
3/31/2005,11.1665
4/1/2005,11.1625
4/4/2005,11.2
4/5/2005,11.2395
4/6/2005,11.2175
4/7/2005,11.175
4/8/2005,11.1175
4/11/2005,11.098
4/12/2005,11.07
4/13/2005,11.0665
4/14/2005,11.1175
4/15/2005,11.0975
4/18/2005,11.1095
4/19/2005,11.0675
4/20/2005,11.0625
4/21/2005,11.0315
4/22/2005,11.0425
4/25/2005,11.0495
4/26/2005,11.0815
4/27/2005,11.0895
4/28/2005,11.11
4/29/2005,11.0815
5/2/2005,11.0385
5/3/2005,10.9975
5/4/2005,10.9575
5/5/2005,10.9275
5/6/2005,10.9325
5/9/2005,10.961
5/10/2005,11.0325
5/11/2005,10.9975
5/12/2005,11.02
5/13/2005,11.012
5/16/2005,11.0115
5/17/2005,10.9875
5/18/2005,10.9475
5/19/2005,10.9575
5/20/2005,10.9575
5/23/2005,10.9595
5/24/2005,10.9665
5/25/2005,10.9295
5/26/2005,10.955
5/27/2005,10.8675
5/31/2005,10.8662
6/1/2005,10.8265
6/2/2005,10.805
6/3/2005,10.8475
6/6/2005,10.8775
6/7/2005,10.8725
6/8/2005,10.8665
6/9/2005,10.8785
6/10/2005,10.8525
6/13/2005,10.8475
6/14/2005,10.8255
6/15/2005,10.8055
6/16/2005,10.7785
6/17/2005,10.8078
6/20/2005,10.827
6/21/2005,10.827
6/22/2005,10.75
6/23/2005,10.785
6/24/2005,10.7675
6/27/2005,10.7975
6/28/2005,10.7962
6/29/2005,10.735
6/30/2005,10.745
7/1/2005,10.7275
7/5/2005,10.762
7/6/2005,10.77
7/7/2005,10.8035
7/8/2005,10.755
7/11/2005,10.6725
7/12/2005,10.7125
7/13/2005,10.653
7/14/2005,10.6555
7/15/2005,10.613
7/18/2005,10.6137
7/19/2005,10.5995
7/20/2005,10.6225
7/21/2005,10.6085
7/22/2005,10.639
7/25/2005,10.639
7/26/2005,10.639
7/27/2005,10.639
7/28/2005,10.639
7/29/2005,10.639
8/1/2005,10.5825
8/2/2005,10.6075
8/3/2005,10.5715
8/4/2005,10.582
8/5/2005,10.6012
8/8/2005,10.6475
8/9/2005,10.6175
8/10/2005,10.5675
8/11/2005,10.5935
8/12/2005,10.5935
8/15/2005,10.6175
8/16/2005,10.5995
8/17/2005,10.63
8/18/2005,10.6925
8/19/2005,10.754
8/22/2005,10.7315
8/23/2005,10.8175
8/24/2005,10.8915
8/25/2005,10.81
8/26/2005,10.81
8/29/2005,10.844
8/30/2005,10.844
8/31/2005,10.7445
9/1/2005,10.7315
9/2/2005,10.7315
9/6/2005,10.6835
9/7/2005,10.6962
9/8/2005,10.7175
9/9/2005,10.705
9/12/2005,10.6975
9/13/2005,10.7955
9/14/2005,10.815
9/15/2005,10.808
9/16/2005,10.8375
9/19/2005,10.8105
9/20/2005,10.8125
9/21/2005,10.8075
9/22/2005,10.8435
9/23/2005,10.83
9/26/2005,10.8758
9/27/2005,10.883
9/28/2005,10.85
9/29/2005,10.8095
9/30/2005,10.7825
10/3/2005,10.718
10/4/2005,10.7125
10/5/2005,10.6985
10/6/2005,10.757
10/7/2005,10.785
10/10/2005,10.785
10/11/2005,10.8095
10/12/2005,10.93
10/13/2005,10.9395
10/14/2005,10.915
10/17/2005,10.843
10/18/2005,10.8285
10/19/2005,10.846
10/20/2005,10.8675
10/21/2005,10.8675
10/24/2005,10.8485
10/25/2005,10.8645
10/26/2005,10.898
10/27/2005,10.8985
10/28/2005,10.825
10/31/2005,10.7875
11/1/2005,10.76
11/2/2005,10.724
11/3/2005,10.7575
11/4/2005,10.7325
11/7/2005,10.7025
11/8/2005,10.7245
11/9/2005,10.7175
11/10/2005,10.722
11/11/2005,10.722
11/14/2005,10.6585
11/15/2005,10.6385
11/16/2005,10.6675
11/17/2005,10.6375
11/18/2005,10.66
11/21/2005,10.6475
11/22/2005,10.6195
11/23/2005,10.6175
11/25/2005,10.6025
11/28/2005,10.563
11/29/2005,10.5685
11/30/2005,10.5565
12/1/2005,10.5025
12/2/2005,10.471
12/5/2005,10.463
12/6/2005,10.419
12/7/2005,10.4675
12/8/2005,10.534
12/9/2005,10.5175
12/12/2005,10.6235
12/13/2005,10.6225
12/14/2005,10.7225
12/15/2005,10.7305
12/16/2005,10.7265
12/19/2005,10.7325
12/20/2005,10.7145
12/21/2005,10.7145
12/22/2005,10.6565
12/23/2005,10.6565
12/27/2005,10.7325
12/28/2005,10.7815
12/29/2005,10.721
12/30/2005,10.62
1/3/2006,10.6165
1/4/2006,10.577
1/5/2006,10.63
1/6/2006,10.563
1/9/2006,10.578
1/10/2006,10.629
1/11/2006,10.592
1/12/2006,10.587
1/13/2006,10.564
1/17/2006,10.601
1/18/2006,10.561
1/19/2006,10.51
1/20/2006,10.545
1/23/2006,10.535
1/24/2006,10.5
1/25/2006,10.514
1/26/2006,10.498
1/27/2006,10.443
1/30/2006,10.452
1/31/2006,10.444
2/1/2006,10.458
2/2/2006,10.495
2/3/2006,10.498
2/6/2006,10.459
2/7/2006,10.547
2/8/2006,10.533
2/9/2006,10.488
2/10/2006,10.508
2/13/2006,10.548
2/14/2006,10.509
2/15/2006,10.54
2/16/2006,10.479
2/17/2006,10.44
2/21/2006,10.477
2/22/2006,10.4581
2/23/2006,10.4823
2/24/2006,10.475
2/27/2006,10.4723
2/28/2006,10.4775
3/1/2006,10.47
3/2/2006,10.5265
3/3/2006,10.572
3/6/2006,10.685
3/7/2006,10.66
3/8/2006,10.717
3/9/2006,10.714
3/10/2006,10.6785
3/13/2006,10.729
3/14/2006,10.667
3/15/2006,10.642
3/16/2006,10.641
3/17/2006,10.701
3/20/2006,10.766
3/21/2006,10.8455
3/22/2006,10.873
3/23/2006,10.9035
3/24/2006,10.8695
3/27/2006,10.959
3/28/2006,11.005
3/29/2006,10.9388
3/30/2006,10.928
3/31/2006,10.874
4/3/2006,10.8485
4/4/2006,10.923
4/5/2006,11.024
4/6/2006,11.0965
4/7/2006,11.143
4/10/2006,11.098
4/11/2006,11.0475
4/12/2006,11.0405
4/13/2006,11.096
4/17/2006,11.045
4/18/2006,10.9405
4/19/2006,10.9645
4/20/2006,11.039
4/21/2006,11.0465
4/24/2006,11.0765
4/25/2006,11.1495
4/26/2006,11.1425
4/27/2006,11.109
4/28/2006,11.052
5/1/2006,11.0765
5/2/2006,10.972
5/3/2006,10.9695
5/4/2006,10.975
5/5/2006,10.957
5/8/2006,10.9315
5/9/2006,10.8735
5/10/2006,10.854
5/11/2006,10.883
5/12/2006,11.097
5/15/2006,11.137
5/16/2006,11.0376
5/17/2006,11.197
5/18/2006,11.1595
5/19/2006,11.186
5/22/2006,11.254
5/23/2006,11.3415
5/24/2006,11.205
5/25/2006,11.135
5/26/2006,11.117
5/30/2006,11.3015
5/31/2006,11.324
6/1/2006,11.234
6/2/2006,11.296
6/5/2006,11.3315
6/6/2006,11.304
6/7/2006,11.344
6/8/2006,11.402
6/9/2006,11.3875
6/12/2006,11.449
6/13/2006,11.474
6/14/2006,11.445
6/15/2006,11.384
6/16/2006,11.44
6/19/2006,11.4815
6/20/2006,11.4345
6/21/2006,11.381
6/22/2006,11.438
6/23/2006,11.404
6/26/2006,11.475
6/27/2006,11.429
6/28/2006,11.412
6/29/2006,11.302
6/30/2006,11.33
7/3/2006,11.094
7/5/2006,11.247
7/6/2006,11.019
7/7/2006,11
7/10/2006,10.9935
7/11/2006,10.972
7/12/2006,11.0615
7/13/2006,11.0635
7/14/2006,10.969
7/17/2006,10.976
7/18/2006,10.922
7/19/2006,10.864
7/20/2006,10.874
7/21/2006,10.969
7/24/2006,10.8928
7/25/2006,10.904
7/26/2006,10.917
7/27/2006,10.904
7/28/2006,10.85
7/31/2006,10.96
8/1/2006,11.029
8/2/2006,10.975
8/3/2006,10.9565
8/4/2006,10.894
8/7/2006,10.8765
8/8/2006,10.894
8/9/2006,10.844
8/10/2006,10.8345
8/11/2006,10.7995
8/14/2006,10.849
8/15/2006,10.7685
8/16/2006,10.7675
8/17/2006,10.7905
8/18/2006,10.808
8/21/2006,10.7835
8/22/2006,10.84
8/23/2006,10.9157
8/24/2006,10.9403
8/25/2006,10.9735
8/28/2006,10.875
8/29/2006,10.8708
8/30/2006,10.8862
8/31/2006,10.9125
9/1/2006,10.8728
9/5/2006,10.8628
9/6/2006,10.984
9/7/2006,11.018
9/8/2006,11.0015
9/11/2006,11.0665
9/12/2006,11.005
9/13/2006,10.9832
9/14/2006,10.976
9/15/2006,10.935
9/18/2006,10.8995
9/19/2006,10.9705
9/20/2006,10.9555
9/21/2006,11.0863
9/22/2006,11.0413
9/25/2006,11.0653
9/26/2006,11.014
9/27/2006,11.0402
9/28/2006,10.9963
9/29/2006,10.9815
10/2/2006,10.976
10/3/2006,11.0625
10/4/2006,10.9998
10/5/2006,11.0205
10/6/2006,11.0688
10/9/2006,11.088
10/10/2006,11.0435
10/11/2006,10.9983
10/12/2006,10.896
10/13/2006,10.8492
10/16/2006,10.8475
10/17/2006,10.8462
10/18/2006,10.843
10/19/2006,10.8155
10/20/2006,10.8365
10/23/2006,10.857
10/24/2006,10.8236
10/25/2006,10.754
10/26/2006,10.7317
10/27/2006,10.741
10/30/2006,10.7965
10/31/2006,10.75
11/1/2006,10.8125
11/2/2006,10.8595
11/3/2006,10.811
11/6/2006,10.8185
11/7/2006,10.8413
11/8/2006,10.843
11/9/2006,10.9215
11/10/2006,10.895
11/13/2006,10.876
11/14/2006,10.8525
11/15/2006,10.8357
11/16/2006,10.8946
11/17/2006,10.9397
11/20/2006,10.9725
11/21/2006,10.9535
11/22/2006,10.9575
11/24/2006,11.0205
11/27/2006,11.0925
11/28/2006,11.0312
11/29/2006,11.0055
11/30/2006,10.973
12/1/2006,11.024
12/4/2006,10.9322
12/5/2006,10.8623
12/6/2006,10.8392
12/7/2006,10.896
12/8/2006,10.8235
12/11/2006,10.853
12/12/2006,10.8383
12/13/2006,10.8488
12/14/2006,10.777
12/15/2006,10.777
12/18/2006,10.8217
12/19/2006,10.835
12/20/2006,10.8247
12/21/2006,10.8656
12/22/2006,10.8775
12/26/2006,10.8915
12/27/2006,10.891
12/28/2006,10.862
12/29/2006,10.8018
1/3/2007,10.8285
1/4/2007,10.889
1/5/2007,10.9427
1/8/2007,10.946
1/9/2007,11.0077
1/10/2007,10.9637
1/11/2007,11.0125
1/12/2007,10.965
1/16/2007,10.9575
1/17/2007,10.9455
1/18/2007,10.9305
1/19/2007,10.8765
1/22/2007,10.9455
1/23/2007,10.9425
1/24/2007,10.9265
1/25/2007,11.0545
1/26/2007,11.0425
1/29/2007,11.0895
1/30/2007,11.0395
1/31/2007,11.0025
2/1/2007,10.9675
2/2/2007,10.9435
2/5/2007,10.9165
2/6/2007,10.9325
2/7/2007,10.9765
2/8/2007,10.9565
2/9/2007,11.0055
2/12/2007,11.0375
2/13/2007,10.9485
2/14/2007,10.9255
2/15/2007,10.9775
2/16/2007,10.9905
2/20/2007,10.9925
2/21/2007,10.9935
2/22/2007,11.0075
2/23/2007,11.0605
2/26/2007,11.0745
2/27/2007,11.2015
2/28/2007,11.1655
3/1/2007,11.1665
3/2/2007,11.2117
3/5/2007,11.1885
3/6/2007,11.1465
3/7/2007,11.1875
3/8/2007,11.1665
3/9/2007,11.1735
3/12/2007,11.1305
3/13/2007,11.1985
3/14/2007,11.1525
3/15/2007,11.1495
3/16/2007,11.1945
3/19/2007,11.1375
3/20/2007,11.1215
3/21/2007,11.0065
3/22/2007,11.0075
3/23/2007,11.0195
3/26/2007,11.017
3/27/2007,11.06
3/28/2007,11.0695
3/29/2007,11.019
3/30/2007,11.038
4/2/2007,11.01
4/3/2007,10.9715
4/4/2007,11.014
4/5/2007,10.9891
4/9/2007,10.974
4/10/2007,10.989
4/11/2007,11.016
4/12/2007,11.0005
4/13/2007,10.9985
4/16/2007,10.9945
4/17/2007,10.981
4/18/2007,10.9832
4/19/2007,10.991
4/20/2007,10.9775
4/23/2007,10.968
4/24/2007,10.973
4/25/2007,10.928
4/26/2007,10.9495
4/27/2007,10.9165
4/30/2007,10.963
5/1/2007,10.9325
5/2/2007,10.912
5/3/2007,10.9115
5/4/2007,10.8745
5/7/2007,10.831
5/8/2007,10.8375
5/9/2007,10.784
5/10/2007,10.846
5/11/2007,10.7925
5/14/2007,10.796
5/15/2007,10.7988
5/16/2007,10.7765
5/17/2007,10.81
5/18/2007,10.799
5/21/2007,10.765
5/22/2007,10.793
5/23/2007,10.7932
5/24/2007,10.8375
5/25/2007,10.789
5/29/2007,10.807
5/30/2007,10.742
5/31/2007,10.737
6/1/2007,10.713
6/4/2007,10.76
6/5/2007,10.8055
6/6/2007,10.8605
6/7/2007,10.9445
6/8/2007,10.912
6/11/2007,10.915
6/12/2007,11.012
6/13/2007,10.9214
6/14/2007,10.87
6/15/2007,10.77
6/18/2007,10.781
6/19/2007,10.7385
6/20/2007,10.8455
6/21/2007,10.8175
6/22/2007,10.8435
6/25/2007,10.8375
6/26/2007,10.869
6/27/2007,10.817
6/28/2007,10.797
6/29/2007,10.8055
7/2/2007,10.7575
7/3/2007,10.7695
7/5/2007,10.8
7/6/2007,10.764
7/9/2007,10.76
7/10/2007,10.842
7/11/2007,10.8005
7/12/2007,10.7575
7/13/2007,10.7575
7/16/2007,10.7785
7/17/2007,10.7425
7/18/2007,10.731
7/19/2007,10.748
7/20/2007,10.7915
7/23/2007,10.7625
7/24/2007,10.8425
7/25/2007,10.849
7/26/2007,10.978
7/27/2007,11.005
7/30/2007,10.918
7/31/2007,10.99
8/1/2007,10.943
8/2/2007,10.938
8/3/2007,11.0025
8/6/2007,10.949
8/7/2007,10.9442
8/8/2007,10.9275
8/9/2007,11
8/10/2007,10.9955
8/13/2007,11.0215
8/14/2007,11.0941
8/15/2007,11.199
8/16/2007,11.1765
8/17/2007,11.0785
8/20/2007,11.1115
8/21/2007,11.14
8/22/2007,11.0414
8/23/2007,11.0628
8/24/2007,11.0053
8/27/2007,11.062
8/28/2007,11.141
8/29/2007,11.069
8/30/2007,11.08
8/31/2007,11.0235
9/4/2007,11.0255
9/5/2007,11.079
9/6/2007,11.047
9/7/2007,11.137
9/10/2007,11.123
9/11/2007,11.079
9/12/2007,11.1015
9/13/2007,11.124
9/14/2007,11.118
9/17/2007,11.137
9/18/2007,10.9945
9/19/2007,10.981
9/20/2007,10.989
9/21/2007,10.9263
9/24/2007,10.9518
9/25/2007,10.924
9/26/2007,10.9157
9/27/2007,10.915
9/28/2007,10.92
10/1/2007,10.887
10/2/2007,10.898
10/3/2007,10.9008
10/4/2007,10.869
10/5/2007,10.837
10/8/2007,10.8398
10/9/2007,10.822
10/10/2007,10.825
10/11/2007,10.831
10/12/2007,10.8015
10/15/2007,10.81
10/16/2007,10.815
10/17/2007,10.82
10/18/2007,10.779
10/19/2007,10.8187
10/22/2007,10.819
10/23/2007,10.819
10/24/2007,10.8245
10/25/2007,10.803
10/26/2007,10.7265
10/29/2007,10.706
10/30/2007,10.732
10/31/2007,10.649
11/1/2007,10.709
11/2/2007,10.6715
11/5/2007,10.7275
11/6/2007,10.694
11/7/2007,10.7845
11/8/2007,10.8031
11/9/2007,10.887
11/12/2007,10.944
11/13/2007,10.8605
11/14/2007,10.9015
11/15/2007,10.9361
11/16/2007,10.926
11/19/2007,10.9895
11/20/2007,10.9681
11/21/2007,10.9875
11/23/2007,10.965
11/26/2007,11.012
11/27/2007,10.964
11/28/2007,10.9255
11/29/2007,10.914
11/30/2007,10.91
12/3/2007,10.9045
12/4/2007,10.8885
12/5/2007,10.841
12/6/2007,10.8255
12/7/2007,10.8195
12/10/2007,10.807
12/11/2007,10.876
12/12/2007,10.836
12/13/2007,10.8278
12/14/2007,10.829
12/17/2007,10.868
12/18/2007,10.8353
12/19/2007,10.838
12/20/2007,10.8205
12/21/2007,10.825
12/24/2007,10.81
12/26/2007,10.815
12/27/2007,10.881
12/28/2007,10.8981
12/31/2007,10.894
1/2/2008,10.915
1/3/2008,10.8825
1/4/2008,10.9315
1/7/2008,10.8975
1/8/2008,10.9321
1/9/2008,10.939
1/10/2008,10.929
1/11/2008,10.935
1/14/2008,10.905
1/15/2008,10.9415
1/16/2008,10.9355
1/17/2008,10.9503
1/18/2008,10.892
1/22/2008,10.924
1/23/2008,10.915
1/24/2008,10.8895
1/25/2008,10.9
1/28/2008,10.8621
1/29/2008,10.846
1/30/2008,10.8345
1/31/2008,10.824
2/1/2008,10.799
2/4/2008,10.791
2/5/2008,10.84
2/6/2008,10.8115
2/7/2008,10.767
2/8/2008,10.7555
2/11/2008,10.762
2/12/2008,10.7615
2/13/2008,10.739
2/14/2008,10.758
2/15/2008,10.7465
2/19/2008,10.7585
2/20/2008,10.7725
2/21/2008,10.793
2/22/2008,10.769
2/25/2008,10.7705
2/26/2008,10.726
2/27/2008,10.6965
2/28/2008,10.669
2/29/2008,10.707
3/3/2008,10.6925
3/4/2008,10.715
3/5/2008,10.6995
3/6/2008,10.8415
3/7/2008,10.819
3/10/2008,10.845
3/11/2008,10.766
3/12/2008,10.7728
3/13/2008,10.75
3/14/2008,10.765
3/17/2008,10.7665
3/18/2008,10.684
3/19/2008,10.7125
3/20/2008,10.7235
3/24/2008,10.6795
3/25/2008,10.692
3/26/2008,10.706
3/27/2008,10.691
3/28/2008,10.69
3/31/2008,10.639
4/1/2008,10.569
4/2/2008,10.571
4/3/2008,10.555
4/4/2008,10.5605
4/7/2008,10.5485
4/8/2008,10.5608
4/9/2008,10.569
4/10/2008,10.529
4/11/2008,10.532
4/14/2008,10.4493
4/15/2008,10.4575
4/16/2008,10.4623
4/17/2008,10.4668
4/18/2008,10.4804
4/21/2008,10.529
4/22/2008,10.481
4/23/2008,10.466
4/24/2008,10.4388
4/25/2008,10.4605
4/28/2008,10.464
4/29/2008,10.538
4/30/2008,10.4845
5/1/2008,10.4891
5/2/2008,10.4645
5/5/2008,10.47
5/6/2008,10.4991
5/7/2008,10.5535
5/8/2008,10.5645
5/9/2008,10.5638
5/12/2008,10.478
5/13/2008,10.479
5/14/2008,10.4875
5/15/2008,10.4475
5/16/2008,10.393
5/19/2008,10.3715
5/20/2008,10.388
5/21/2008,10.3725
5/22/2008,10.359
5/23/2008,10.382
5/27/2008,10.3765
5/28/2008,10.3275
5/29/2008,10.324
5/30/2008,10.3165
6/2/2008,10.3355
6/3/2008,10.3065
6/4/2008,10.314
6/5/2008,10.2865
6/6/2008,10.365
6/9/2008,10.3465
6/10/2008,10.424
6/11/2008,10.4315
6/12/2008,10.3675
6/13/2008,10.355
6/16/2008,10.3176
6/17/2008,10.304
6/18/2008,10.303
6/19/2008,10.302
6/20/2008,10.268
6/23/2008,10.3175
6/24/2008,10.285
6/25/2008,10.2625
6/26/2008,10.2875
6/27/2008,10.29
6/30/2008,10.305
7/1/2008,10.37
7/2/2008,10.391
7/3/2008,10.3475
7/7/2008,10.33
7/8/2008,10.3175
7/9/2008,10.2975
7/10/2008,10.3
7/11/2008,10.29
7/14/2008,10.295
7/15/2008,10.29
7/16/2008,10.223
7/17/2008,10.22
7/18/2008,10.175
7/21/2008,10.13
7/22/2008,10.0355
7/23/2008,10.005
7/24/2008,10.025
7/25/2008,10.0865
7/28/2008,10.06
7/29/2008,10.0475
7/30/2008,10.025
7/31/2008,10.03
8/1/2008,9.915
8/4/2008,9.858
8/5/2008,9.905
8/6/2008,9.944
8/7/2008,10.0055
8/8/2008,10.1525
8/11/2008,10.1625
8/12/2008,10.155
8/13/2008,10.1475
8/14/2008,10.1675
8/15/2008,10.1825
8/18/2008,10.1675
8/19/2008,10.1225
8/20/2008,10.1375
8/21/2008,10.09
8/22/2008,10.14
8/25/2008,10.13
8/26/2008,10.1575
8/27/2008,10.14
8/28/2008,10.23
8/29/2008,10.28
9/2/2008,10.3625
9/3/2008,10.4
9/4/2008,10.51
9/5/2008,10.4381
9/8/2008,10.495
9/9/2008,10.5615
9/10/2008,10.5975
9/11/2008,10.597
9/12/2008,10.5825
9/15/2008,10.7275
9/16/2008,10.702
9/17/2008,10.82
9/18/2008,10.75
9/19/2008,10.65
9/22/2008,10.638
9/23/2008,10.75
9/24/2008,10.83
9/25/2008,10.7075
9/26/2008,10.785
9/29/2008,11.035
9/30/2008,10.915
10/1/2008,10.955
10/2/2008,11.195
10/3/2008,11.23
10/6/2008,11.8119
10/7/2008,12.326
10/8/2008,12.339
10/9/2008,13.45
10/10/2008,12.9743
10/13/2008,12.199
10/14/2008,12.345
10/15/2008,13.274
10/16/2008,12.945
10/17/2008,12.769
10/20/2008,12.989
10/21/2008,13.199
10/22/2008,13.859
10/23/2008,13.355
10/24/2008,13.39
10/27/2008,13.515
10/28/2008,13.025
10/29/2008,12.93
10/30/2008,12.559
10/31/2008,12.75
11/3/2008,12.7843
11/4/2008,12.4815
11/5/2008,12.75
11/6/2008,13.0535
11/7/2008,12.8235
11/10/2008,12.804
11/11/2008,12.952
11/12/2008,13.055
11/13/2008,12.9325
11/14/2008,13.0195
11/17/2008,13.155
11/18/2008,13.138
11/19/2008,13.3225
11/20/2008,13.9075
11/21/2008,13.7201
11/24/2008,13.4045
11/25/2008,13.2239
11/26/2008,13.1775
11/28/2008,13.4472
12/1/2008,13.62
12/2/2008,13.5745
12/3/2008,13.5975
12/4/2008,13.5875
12/5/2008,13.6175
12/8/2008,13.446
12/9/2008,13.564
12/10/2008,13.3835
12/11/2008,13.2785
12/12/2008,13.495
12/15/2008,13.3005
12/16/2008,13.0168
12/17/2008,13.069
12/18/2008,13.15
12/19/2008,13.11
12/22/2008,13.1723
12/23/2008,13.3275
12/24/2008,13.249
12/26/2008,13.399
12/29/2008,13.7165
12/30/2008,13.741
12/31/2008,13.6475
1/2/2009,13.695
1/5/2009,13.4275
1/6/2009,13.3475
1/7/2009,13.4801
1/8/2009,13.64
1/9/2009,13.625
1/12/2009,13.7835
1/13/2009,13.804
1/14/2009,14.099
1/15/2009,13.945
1/16/2009,13.895
1/20/2009,14.005
1/21/2009,13.8
1/22/2009,14.07
1/23/2009,14.02
1/26/2009,14.08
1/27/2009,14.205
1/28/2009,14.0363
1/29/2009,14.178
1/30/2009,14.3
2/2/2009,14.4623
2/3/2009,14.576
2/4/2009,14.4768
2/5/2009,14.3538
2/6/2009,14.2065
2/9/2009,14.2005
2/10/2009,14.54
2/11/2009,14.494
2/12/2009,14.495
2/13/2009,14.47
2/17/2009,14.7175
2/18/2009,14.55
2/19/2009,14.7653
2/20/2009,14.794
2/23/2009,14.943
2/24/2009,14.827
2/25/2009,14.9495
2/26/2009,14.9678
2/27/2009,15.231
3/2/2009,15.4338
3/3/2009,15.3453
3/4/2009,15.2348
3/5/2009,15.386
3/6/2009,15.2025
3/9/2009,15.5575
3/10/2009,15.254
3/11/2009,15.0676
3/12/2009,14.709
3/13/2009,14.53
3/16/2009,14.2475
3/17/2009,14.014
3/18/2009,13.9238
3/19/2009,14.25
3/20/2009,14.1425
3/23/2009,14.249
3/24/2009,14.3315
3/25/2009,14.2308
3/26/2009,14.2013
3/27/2009,14.31
3/30/2009,14.28
3/31/2009,14.18
4/1/2009,13.901
4/2/2009,13.7525
4/3/2009,13.559
4/6/2009,13.619
4/7/2009,13.4703
4/8/2009,13.36
4/9/2009,13.0955
4/13/2009,13.1078
4/14/2009,13.22
4/15/2009,13.0153
4/16/2009,13.1065
4/17/2009,13.1335
4/20/2009,13.4145
4/21/2009,13.154
4/22/2009,13.233
4/23/2009,13.1625
4/24/2009,13.323
4/27/2009,14.065
4/28/2009,13.8068
4/29/2009,13.7388
4/30/2009,13.799
5/1/2009,13.75
5/4/2009,13.235
5/5/2009,13.279
5/6/2009,13.1025
5/7/2009,13.1375
5/8/2009,13
5/11/2009,13.25
5/12/2009,13.2238
5/13/2009,13.34
5/14/2009,13.2128
5/15/2009,13.24
5/18/2009,13.0225
5/19/2009,12.9412
5/20/2009,13.014
5/21/2009,13.1278
5/22/2009,13.1778
5/26/2009,13.169
5/27/2009,13.274
5/28/2009,13.2075
5/29/2009,13.13
6/1/2009,13.243
6/2/2009,13.17
6/3/2009,13.336
6/4/2009,13.194
6/5/2009,13.3001
6/8/2009,13.444
6/9/2009,13.611
6/10/2009,13.585
6/11/2009,13.3725
6/12/2009,13.4048
6/15/2009,13.3725
6/16/2009,13.4813
6/17/2009,13.4395
6/18/2009,13.3898
6/19/2009,13.3471
6/22/2009,13.3025
6/23/2009,13.3345
6/24/2009,13.2702
6/25/2009,13.22
6/26/2009,13.195
6/29/2009,13.1755
6/30/2009,13.1773
7/1/2009,13.117
7/2/2009,13.2775
7/6/2009,13.23
7/7/2009,13.4
7/8/2009,13.531
7/9/2009,13.534
7/10/2009,13.6878
7/13/2009,13.709
7/14/2009,13.73
7/15/2009,13.5425
7/16/2009,13.5503
7/17/2009,13.3325
7/20/2009,13.285
7/21/2009,13.3128
7/22/2009,13.229
7/23/2009,13.2425
7/24/2009,13.2038
7/27/2009,13.2645
7/28/2009,13.2099
7/29/2009,13.262
7/30/2009,13.2505
7/31/2009,13.169
8/3/2009,13.115
8/4/2009,13.1252
8/5/2009,13.0147
8/6/2009,13.0275
8/7/2009,12.946
8/10/2009,12.9365
8/11/2009,13.013
8/12/2009,12.9453
8/13/2009,12.86
8/14/2009,12.835
8/17/2009,13.0122
8/18/2009,12.9155
8/19/2009,12.8813
8/20/2009,12.8805
8/21/2009,12.8465
8/24/2009,12.925
8/25/2009,13.012
8/26/2009,13.135
8/27/2009,13.2275
8/28/2009,13.243
8/31/2009,13.3605
9/1/2009,13.6745
9/2/2009,13.651
9/3/2009,13.5255
9/4/2009,13.35
9/8/2009,13.354
9/9/2009,13.455
9/10/2009,13.368
9/11/2009,13.325
9/14/2009,13.3633
9/15/2009,13.2927
9/16/2009,13.175
9/17/2009,13.2735
9/18/2009,13.272
9/21/2009,13.3818
9/22/2009,13.3513
9/23/2009,13.3675
9/24/2009,13.5044
9/25/2009,13.5655
9/28/2009,13.5255
9/29/2009,13.5218
9/30/2009,13.496
10/1/2009,13.7588
10/2/2009,13.6085
10/5/2009,13.616
10/6/2009,13.462
10/7/2009,13.3698
10/8/2009,13.24
10/9/2009,13.2743
10/12/2009,13.2075
10/13/2009,13.1075
10/14/2009,13.0599
10/15/2009,13.085
10/16/2009,13.096
10/19/2009,12.9438
10/20/2009,13.0355
10/21/2009,12.9293
10/22/2009,12.8855
10/23/2009,13.079
10/26/2009,13.2975
10/27/2009,13.22
10/28/2009,13.3163
10/29/2009,13.0708
10/30/2009,13.215
11/2/2009,13.21
11/3/2009,13.2652
11/4/2009,13.2917
11/5/2009,13.295
11/6/2009,13.4065
11/9/2009,13.274
11/10/2009,13.2075
11/11/2009,13.1568
11/12/2009,13.1785
11/13/2009,13.02
11/16/2009,12.9861
11/17/2009,13.032
11/18/2009,12.997
11/19/2009,13.0483
11/20/2009,13.069
11/23/2009,12.9685
11/24/2009,12.889
11/25/2009,12.834
11/27/2009,12.925
11/30/2009,12.925
12/1/2009,12.8515
12/2/2009,12.725
12/3/2009,12.612
12/4/2009,12.6325
12/7/2009,12.686
12/8/2009,12.9165
12/9/2009,12.9035
12/10/2009,12.944
12/11/2009,12.8758
12/14/2009,12.7407
12/15/2009,12.6913
12/16/2009,12.692
12/17/2009,12.8531
12/18/2009,12.8251
12/21/2009,12.9241
12/22/2009,12.8832
12/23/2009,12.893
12/24/2009,12.877
12/28/2009,13.01
12/29/2009,12.9975
12/30/2009,13.0818
12/31/2009,13.0713
1/4/2010,12.8763
1/5/2010,12.8045
1/6/2010,12.7275
1/7/2010,12.7944
1/8/2010,12.7005
1/11/2010,12.733
1/12/2010,12.7988
1/13/2010,12.7059
1/14/2010,12.6698
1/15/2010,12.6945
1/19/2010,12.6357
1/20/2010,12.75
1/21/2010,12.9355
1/22/2010,12.9915
1/25/2010,12.858
1/26/2010,12.8664
1/27/2010,12.9662
1/28/2010,13.065
1/29/2010,13.0903
2/1/2010,12.8765
2/2/2010,12.8686
2/3/2010,12.947
2/4/2010,13.136
2/5/2010,13.1498
2/8/2010,13.2095
2/9/2010,13.026
2/10/2010,13.1188
2/11/2010,12.9433
2/12/2010,12.9316
2/16/2010,12.8372
2/17/2010,12.8735
2/18/2010,12.8135
2/19/2010,12.802
2/22/2010,12.795
2/23/2010,12.9185
2/24/2010,12.8065
2/25/2010,12.794
2/26/2010,12.7713
3/1/2010,12.741
3/2/2010,12.731
3/3/2010,12.6956
3/4/2010,12.715
3/5/2010,12.628
3/8/2010,12.684
3/9/2010,12.617
3/10/2010,12.592
3/11/2010,12.5586
3/12/2010,12.5339
3/15/2010,12.5405
3/16/2010,12.509
3/17/2010,12.4565
3/18/2010,12.5185
3/19/2010,12.5832
3/22/2010,12.5229
3/23/2010,12.4825
3/24/2010,12.5845
3/25/2010,12.5607
3/26/2010,12.4892
3/29/2010,12.424
3/30/2010,12.358
3/31/2010,12.3625
4/1/2010,12.299
4/5/2010,12.2287
4/6/2010,12.2167
4/7/2010,12.2898
4/8/2010,12.2137
4/9/2010,12.1668
4/12/2010,12.1486
4/13/2010,12.1875
4/14/2010,12.193
4/15/2010,12.1657
4/16/2010,12.2785
4/19/2010,12.234
4/20/2010,12.2075
4/21/2010,12.1675
4/22/2010,12.2048
4/23/2010,12.1725
4/26/2010,12.138
4/27/2010,12.368
4/28/2010,12.334
4/29/2010,12.2009
4/30/2010,12.3055
5/3/2010,12.255
5/4/2010,12.5415
5/5/2010,12.7375
5/6/2010,13.0328
5/7/2010,12.869
5/10/2010,12.469
5/11/2010,12.5075
5/12/2010,12.3477
5/13/2010,12.4183
5/14/2010,12.6025
5/17/2010,12.5937
5/18/2010,12.7762
5/19/2010,12.82
5/20/2010,13.1532
5/21/2010,12.9485
5/24/2010,13.0325
5/25/2010,13.016
5/26/2010,13.1135
5/27/2010,12.823
5/28/2010,12.9615
6/1/2010,12.9735
6/2/2010,12.7815
6/3/2010,12.764
6/4/2010,12.9565
6/7/2010,12.9561
6/8/2010,12.8655
6/9/2010,12.8633
6/10/2010,12.6804
6/11/2010,12.6556
6/14/2010,12.6855
6/15/2010,12.574
6/16/2010,12.5898
6/17/2010,12.588
6/18/2010,12.544
6/21/2010,12.5365
6/22/2010,12.6025
6/23/2010,12.634
6/24/2010,12.7258
6/25/2010,12.648
6/28/2010,12.7185
6/29/2010,12.8977
6/30/2010,12.9385
7/1/2010,13.0062
7/2/2010,13.0793
7/6/2010,12.96
7/7/2010,12.8307
7/8/2010,12.7667
7/9/2010,12.773
7/12/2010,12.825
7/13/2010,12.676
7/14/2010,12.7066
7/15/2010,12.7737
7/16/2010,12.934
7/19/2010,12.8964
7/20/2010,12.7455
7/21/2010,12.865
7/22/2010,12.761
7/23/2010,12.7335
7/26/2010,12.6667
7/27/2010,12.672
7/28/2010,12.6991
7/29/2010,12.7128
7/30/2010,12.6465
8/2/2010,12.5772
8/3/2010,12.5753
8/4/2010,12.5132
8/5/2010,12.5608
8/6/2010,12.6805
8/9/2010,12.6107
8/10/2010,12.5976
8/11/2010,12.7557
8/12/2010,12.7317
8/13/2010,12.7365
8/16/2010,12.655
8/17/2010,12.583
8/18/2010,12.6307
8/19/2010,12.6977
8/20/2010,12.7652
8/23/2010,12.906
8/24/2010,12.95
8/25/2010,12.9803
8/26/2010,13.0667
8/27/2010,13.004
8/30/2010,13.1425
8/31/2010,13.2027
9/1/2010,13.0521
9/2/2010,13.0283
9/3/2010,12.9335
9/7/2010,13.0492
9/8/2010,13.0368
9/9/2010,12.9907
9/10/2010,12.938
9/13/2010,12.8509
9/14/2010,12.8293
9/15/2010,12.7852
9/16/2010,12.7812
9/17/2010,12.7923
9/20/2010,12.7696
9/21/2010,12.7077
9/22/2010,12.6348
9/23/2010,12.6393
9/24/2010,12.538
9/27/2010,12.576
9/28/2010,12.4797
9/29/2010,12.5333
9/30/2010,12.57
10/1/2010,12.518
10/4/2010,12.5987
10/5/2010,12.4708
10/6/2010,12.4787
10/7/2010,12.5388
10/8/2010,12.4048
10/11/2010,12.4415
10/12/2010,12.4025
10/13/2010,12.3825
10/14/2010,12.4017
10/15/2010,12.4308
10/18/2010,12.4
10/19/2010,12.5235
10/20/2010,12.3936
10/21/2010,12.3718
10/22/2010,12.335
10/25/2010,12.352
10/26/2010,12.4115
10/27/2010,12.4559
10/28/2010,12.36
10/29/2010,12.3449
11/1/2010,12.3245
11/2/2010,12.2749
11/3/2010,12.249
11/4/2010,12.213
11/5/2010,12.1995
11/8/2010,12.2277
11/9/2010,12.2976
11/10/2010,12.2235
11/11/2010,12.26
11/12/2010,12.353
11/15/2010,12.27
11/16/2010,12.4167
11/17/2010,12.3764
11/18/2010,12.2766
11/19/2010,12.267
11/22/2010,12.2955
11/23/2010,12.4738
11/24/2010,12.3714
11/26/2010,12.489
11/29/2010,12.4957
11/30/2010,12.4903
12/1/2010,12.415
12/2/2010,12.3283
12/3/2010,12.3255
12/6/2010,12.3584
12/7/2010,12.4827
12/8/2010,12.4038
12/9/2010,12.471
12/10/2010,12.448
12/13/2010,12.4056
12/14/2010,12.3901
12/15/2010,12.456
12/16/2010,12.4081
12/17/2010,12.395
12/20/2010,12.4143
12/21/2010,12.3603
12/22/2010,12.3045
12/23/2010,12.3515
12/27/2010,12.365
12/28/2010,12.4015
12/29/2010,12.3657
12/30/2010,12.3913
12/31/2010,12.354
1/3/2011,12.2559
1/4/2011,12.2266
1/5/2011,12.184
1/6/2011,12.2315
1/7/2011,12.235
1/10/2011,12.2213
1/11/2011,12.1396
1/12/2011,12.0711
1/13/2011,12.1338
1/14/2011,12.0375
1/18/2011,12.022
1/19/2011,12.08
1/20/2011,12.0666
1/21/2011,12.06
1/24/2011,12.0355
1/25/2011,12.0851
1/26/2011,12.0225
1/27/2011,12.0368
1/28/2011,12.196
1/31/2011,12.1199
2/1/2011,11.9956
2/2/2011,12.017
2/3/2011,12.008
2/4/2011,11.9705
2/7/2011,12.0138
2/8/2011,12.0382
2/9/2011,12.075
2/10/2011,12.0765
2/11/2011,12.018
2/14/2011,12.0461
2/15/2011,12.1538
2/16/2011,12.06
2/17/2011,12.0105
2/18/2011,12.025
2/22/2011,12.1297
2/23/2011,12.18
2/24/2011,12.146
2/25/2011,12.114
2/28/2011,12.1039
3/1/2011,12.1302
3/2/2011,12.088
3/3/2011,11.9995
3/4/2011,11.9986
3/7/2011,12.0502
3/8/2011,12.011
3/9/2011,11.9278
3/10/2011,11.9817
3/11/2011,11.9093
3/14/2011,11.895
3/15/2011,11.9958
3/16/2011,12.196
3/17/2011,12.084
3/18/2011,12.0446
3/21/2011,11.9848
3/22/2011,11.991
3/23/2011,12.0181
3/24/2011,11.947
3/25/2011,11.992
3/28/2011,11.9722
3/29/2011,11.9538
3/30/2011,11.9191
3/31/2011,11.9015
4/1/2011,11.8405
4/4/2011,11.8516
4/5/2011,11.814
4/6/2011,11.8064
4/7/2011,11.7713
4/8/2011,11.7275
4/11/2011,11.7549
4/12/2011,11.8363
4/13/2011,11.7768
4/14/2011,11.7085
4/15/2011,11.6675
4/18/2011,11.7519
4/19/2011,11.6772
4/20/2011,11.5905
4/21/2011,11.6135
4/25/2011,11.6048
4/26/2011,11.5784
4/27/2011,11.5222
4/28/2011,11.5535
4/29/2011,11.4975
5/2/2011,11.5268
5/3/2011,11.5773
5/4/2011,11.6432
5/5/2011,11.7198
5/6/2011,11.6414
5/9/2011,11.6078
5/10/2011,11.547
5/11/2011,11.6515
5/12/2011,11.6198
5/13/2011,11.7265
5/16/2011,11.769
5/17/2011,11.7174
5/18/2011,11.7184
5/19/2011,11.6248
5/20/2011,11.6495
5/23/2011,11.74
5/24/2011,11.6862
5/25/2011,11.6673
5/26/2011,11.671
5/27/2011,11.6047
5/31/2011,11.5667
6/1/2011,11.6998
6/2/2011,11.6311
6/3/2011,11.662
6/6/2011,11.7435
6/7/2011,11.7601
6/8/2011,11.8385
6/9/2011,11.7727
6/10/2011,11.9002
6/13/2011,11.8525
6/14/2011,11.7966
6/15/2011,11.9036
6/16/2011,11.9501
6/17/2011,11.8985
6/20/2011,11.8665
6/21/2011,11.7797
6/22/2011,11.7915
6/23/2011,11.8633
6/24/2011,11.9035
6/27/2011,11.887
6/28/2011,11.809
6/29/2011,11.753
6/30/2011,11.708
7/1/2011,11.607
7/5/2011,11.635
7/6/2011,11.6257
7/7/2011,11.536
7/8/2011,11.6207
7/11/2011,11.7587
7/12/2011,11.7876
7/13/2011,11.6775
7/14/2011,11.7179
7/15/2011,11.7321
7/18/2011,11.717
7/19/2011,11.6575
7/20/2011,11.6478
7/21/2011,11.5895
7/22/2011,11.6332
7/25/2011,11.6386
7/26/2011,11.6245
7/27/2011,11.648
7/28/2011,11.7097
7/29/2011,11.7163
8/1/2011,11.7199
8/2/2011,11.843
8/3/2011,11.8222
8/4/2011,12.0392
8/5/2011,11.985
8/8/2011,12.3265
8/9/2011,12.0275
8/10/2011,12.5285
8/11/2011,12.3044
8/12/2011,12.3116
8/15/2011,12.2207
8/16/2011,12.255
8/17/2011,12.1656
8/18/2011,12.2602
8/19/2011,12.2951
8/22/2011,12.3555
8/23/2011,12.3125
8/24/2011,12.479
8/25/2011,12.5023
8/26/2011,12.457
8/29/2011,12.451
8/30/2011,12.5278
8/31/2011,12.3382
9/1/2011,12.3037
9/2/2011,12.4001
9/6/2011,12.5058
9/7/2011,12.4668
9/8/2011,12.5092
9/9/2011,12.6864
9/12/2011,12.8624
9/13/2011,12.8816
9/14/2011,12.9277
9/15/2011,12.9466
9/16/2011,13.0362
9/19/2011,13.1137
9/20/2011,13.203
9/21/2011,13.6813
9/22/2011,14.075
9/23/2011,13.5232
9/26/2011,13.5233
9/27/2011,13.3693
9/28/2011,13.5587
9/29/2011,13.7125
9/30/2011,13.895
10/3/2011,14.0236
10/4/2011,13.7597
10/5/2011,13.5696
10/6/2011,13.4391
10/7/2011,13.4598
10/10/2011,13.2372
10/11/2011,13.3906
10/12/2011,13.2859
10/13/2011,13.4248
10/14/2011,13.2638
10/17/2011,13.4755
10/18/2011,13.371
10/19/2011,13.4516
10/20/2011,13.691
10/21/2011,13.665
10/24/2011,13.3808
10/25/2011,13.5243
10/26/2011,13.4028
10/27/2011,13.1152
10/28/2011,12.996
10/31/2011,13.3501
11/1/2011,13.595
11/2/2011,13.5439
11/3/2011,13.32
11/4/2011,13.496
11/7/2011,13.4263
11/8/2011,13.3322
11/9/2011,13.6699
11/10/2011,13.5419
11/11/2011,13.488
11/14/2011,13.5025
11/15/2011,13.6046
11/16/2011,13.6465
11/17/2011,13.7139
11/18/2011,13.72
11/21/2011,13.9982
11/22/2011,13.97
11/23/2011,14.1905
11/25/2011,14.194
11/28/2011,14.0183
11/29/2011,13.7867
11/30/2011,13.635
12/1/2011,13.5986
12/2/2011,13.6136
12/5/2011,13.5235
12/6/2011,13.464
12/7/2011,13.5097
12/8/2011,13.7145
12/9/2011,13.573
12/12/2011,13.8095
12/13/2011,13.8637
12/14/2011,13.8996
12/15/2011,13.8933
12/16/2011,13.855
12/19/2011,13.8992
12/20/2011,13.783
12/21/2011,13.8273
12/22/2011,13.815
12/23/2011,13.8325
12/27/2011,14.0026
12/28/2011,13.9755
12/29/2011,14.0095
12/30/2011,13.9464
1/3/2012,13.6494
1/4/2012,13.6742
1/5/2012,13.762
1/6/2012,13.7177
1/9/2012,13.6894
1/10/2012,13.6435
1/11/2012,13.605
1/12/2012,13.5359
1/13/2012,13.5955
1/17/2012,13.4284
1/18/2012,13.3067
1/19/2012,13.2287
1/20/2012,13.1807
1/23/2012,13.1538
1/24/2012,13.136
1/25/2012,13.0174
1/26/2012,13.0008
1/27/2012,12.9125
1/30/2012,12.9904
1/31/2012,13.0443
2/1/2012,12.8971
2/2/2012,12.8005
2/3/2012,12.653
2/6/2012,12.666
2/7/2012,12.6852
2/8/2012,12.7174
2/9/2012,12.6677
2/10/2012,12.815
2/13/2012,12.7038
2/14/2012,12.7651
2/15/2012,12.8661
2/16/2012,12.8263
2/17/2012,12.7523
2/21/2012,12.7732
2/22/2012,12.84
2/23/2012,12.8145
2/24/2012,12.8905
2/27/2012,12.8963
2/28/2012,12.8432
2/29/2012,12.8426
3/1/2012,12.741
3/2/2012,12.7465
3/5/2012,12.8255
3/6/2012,12.9976
3/7/2012,12.8739
3/8/2012,12.6896
3/9/2012,12.6559
3/12/2012,12.6577
3/13/2012,12.5545
3/14/2012,12.7143
3/15/2012,12.6585
3/16/2012,12.6698
3/19/2012,12.644
3/20/2012,12.6549
3/21/2012,12.706
3/22/2012,12.806
3/23/2012,12.7457
3/26/2012,12.6619
3/27/2012,12.7062
3/28/2012,12.7511
3/29/2012,12.8057
3/30/2012,12.8144
4/2/2012,12.7296
4/3/2012,12.7617
4/4/2012,12.7775
4/5/2012,12.8697
4/9/2012,12.9654
4/10/2012,13.1578
4/11/2012,13.1631
4/12/2012,13.0336
4/13/2012,13.167
4/16/2012,13.2105
4/17/2012,13.1011
4/18/2012,13.1792
4/19/2012,13.2036
4/20/2012,13.0989
4/23/2012,13.18
4/24/2012,13.15
4/25/2012,13.1567
4/26/2012,13.1679
4/27/2012,12.9713
4/30/2012,13.0099
5/1/2012,12.9175
5/2/2012,12.9323
5/3/2012,12.9963
5/4/2012,13.18
5/7/2012,13.1681
5/8/2012,13.3583
5/9/2012,13.49
5/10/2012,13.5043
5/11/2012,13.5706
5/14/2012,13.726
5/15/2012,13.8345
5/16/2012,13.7658
5/17/2012,13.8405
5/18/2012,13.8104
5/21/2012,13.6891
5/22/2012,13.8852
5/23/2012,13.9909
5/24/2012,14.0075
5/25/2012,14.0273
5/29/2012,13.881
5/30/2012,14.1433
5/31/2012,14.3635
6/1/2012,14.309
6/4/2012,14.2269
6/5/2012,14.227
6/6/2012,14.0308
6/7/2012,14.0696
6/8/2012,13.9225
6/11/2012,14.0895
6/12/2012,13.9846
6/13/2012,14.035
6/14/2012,13.8916
6/15/2012,13.9256
6/18/2012,13.8391
6/19/2012,13.683
6/20/2012,13.7191
6/21/2012,13.9101
6/22/2012,13.8515
6/25/2012,13.9194
6/26/2012,13.746
6/27/2012,13.5555
6/28/2012,13.6018
6/29/2012,13.3852
7/2/2012,13.3345
7/3/2012,13.32
7/5/2012,13.4095
7/6/2012,13.39
7/9/2012,13.369
7/10/2012,13.3647
7/11/2012,13.3039
7/12/2012,13.463
7/13/2012,13.2973
7/16/2012,13.2141
7/17/2012,13.1575
7/18/2012,13.17
7/19/2012,13.2223
7/20/2012,13.3598
7/23/2012,13.5608
7/24/2012,13.7025
7/25/2012,13.5973
7/26/2012,13.4073
7/27/2012,13.2388
7/30/2012,13.2704
7/31/2012,13.3301
8/1/2012,13.378
8/2/2012,13.3561
8/3/2012,13.125
8/6/2012,13.1932
8/7/2012,13.233
8/8/2012,13.1464
8/9/2012,13.0826
8/10/2012,13.0827
8/13/2012,13.1468
8/14/2012,13.1817
8/15/2012,13.1359
8/16/2012,13.1813
8/17/2012,13.1225
8/20/2012,13.112
8/21/2012,13.147
8/22/2012,13.078
8/23/2012,13.155
8/24/2012,13.165
8/27/2012,13.2
8/28/2012,13.1885
8/29/2012,13.3066
8/30/2012,13.3508
8/31/2012,13.1925
9/4/2012,13.175
9/5/2012,13.1246
9/6/2012,13.0523
9/7/2012,12.9745
9/10/2012,13.0663
9/11/2012,12.9979
9/12/2012,13.0108
9/13/2012,12.8114
9/14/2012,12.7174
9/17/2012,12.7715
9/18/2012,12.7932
9/19/2012,12.8556
9/20/2012,12.867
9/21/2012,12.8696
9/24/2012,12.9119
9/25/2012,12.857
9/26/2012,12.8751
9/27/2012,12.8264
9/28/2012,12.866
10/1/2012,12.8205
10/2/2012,12.8531
10/3/2012,12.8105
10/4/2012,12.752
10/5/2012,12.798
10/8/2012,12.7997
10/9/2012,12.8778
10/10/2012,12.963
10/11/2012,12.9146
10/12/2012,12.8591
10/15/2012,12.8071
10/16/2012,12.8355
10/17/2012,12.7884
10/18/2012,12.8361
10/19/2012,12.883
10/22/2012,12.857
10/23/2012,12.966
10/24/2012,12.99
10/25/2012,13.0295
10/26/2012,12.9927
10/29/2012,13.066
10/30/2012,13.0664
10/31/2012,13.0932
11/1/2012,13.008
11/2/2012,13.022
11/5/2012,13.0382
11/6/2012,12.9538
11/7/2012,13.06
11/8/2012,13.1675
11/9/2012,13.1875
11/12/2012,13.211
11/13/2012,13.2417
11/14/2012,13.2756
11/15/2012,13.2065
11/16/2012,13.126
11/19/2012,13.0548
11/20/2012,13.0038
11/21/2012,13.054
11/23/2012,12.946
11/26/2012,13.0145
11/27/2012,13.0305
11/28/2012,12.97
11/29/2012,12.9387
11/30/2012,12.945
12/3/2012,12.9895
12/4/2012,12.9431
12/5/2012,12.921
12/6/2012,12.8702
12/7/2012,12.848
12/10/2012,12.8031
12/11/2012,12.733
12/12/2012,12.7348
12/13/2012,12.7975
12/14/2012,12.7375
12/17/2012,12.7267
12/18/2012,12.7158
12/19/2012,12.7635
12/20/2012,12.7589
12/21/2012,12.9085
12/24/2012,12.9736
12/26/2012,13.0111
12/27/2012,12.9785
12/28/2012,13.0255
12/31/2012,12.86
1/2/2013,12.7437
1/3/2013,12.8016
1/4/2013,12.7375
1/7/2013,12.7585
1/8/2013,12.801
1/9/2013,12.7195
1/10/2013,12.6184
1/11/2013,12.651
1/14/2013,12.5885
1/15/2013,12.6107
1/16/2013,12.617
1/17/2013,12.5845
1/18/2013,12.6585
1/22/2013,12.6272
1/23/2013,12.692
1/24/2013,12.6273
1/25/2013,12.6905
1/28/2013,12.7724
1/29/2013,12.715
1/30/2013,12.72
1/31/2013,12.7025
2/1/2013,12.6075
2/4/2013,12.7123
2/5/2013,12.6329
2/6/2013,12.6763
2/7/2013,12.723
2/8/2013,12.7238
2/11/2013,12.7285
2/12/2013,12.6915
2/13/2013,12.684
2/14/2013,12.6902
2/15/2013,12.6815
2/19/2013,12.63
2/20/2013,12.7176
2/21/2013,12.7365
2/22/2013,12.695
2/25/2013,12.7972
2/26/2013,12.844
2/27/2013,12.7631
2/28/2013,12.7798
3/1/2013,12.7502
3/4/2013,12.741
3/5/2013,12.7064
3/6/2013,12.7795
3/7/2013,12.7537
3/8/2013,12.6293
3/11/2013,12.5315
3/12/2013,12.4406
3/13/2013,12.4263
3/14/2013,12.4245
3/15/2013,12.4363
3/18/2013,12.406
3/19/2013,12.437
3/20/2013,12.349
3/21/2013,12.4264
3/22/2013,12.3483
3/25/2013,12.3478
3/26/2013,12.3523
3/27/2013,12.329
3/28/2013,12.3508
4/1/2013,12.361
4/2/2013,12.2735
4/3/2013,12.3396
4/4/2013,12.305
4/5/2013,12.1725
4/8/2013,12.188
4/9/2013,12.1445
4/10/2013,12.1057
4/11/2013,12.043
4/12/2013,12.0751
4/15/2013,12.281
4/16/2013,12.1411
4/17/2013,12.2064
4/18/2013,12.2715
4/19/2013,12.2611
4/22/2013,12.274
4/23/2013,12.2446
4/24/2013,12.17
4/25/2013,12.1673
4/26/2013,12.1426
4/29/2013,12.2094
4/30/2013,12.1354
5/1/2013,12.195
5/2/2013,12.1691
5/3/2013,12.071
5/6/2013,12.1055
5/7/2013,12.027
5/8/2013,11.9686
5/9/2013,11.9952
5/10/2013,12.082
5/13/2013,12.1596
5/14/2013,12.1921
5/15/2013,12.199
5/16/2013,12.2748
5/17/2013,12.335
5/20/2013,12.2954
5/21/2013,12.3355
5/22/2013,12.4196
5/23/2013,12.404
5/24/2013,12.5252
5/28/2013,12.633
5/29/2013,12.6468
5/30/2013,12.7911
5/31/2013,12.798
6/3/2013,12.733
6/4/2013,12.7126
6/5/2013,12.854
6/6/2013,12.8021
6/7/2013,12.77
6/10/2013,12.9111
6/11/2013,12.8275
6/12/2013,12.9154
6/13/2013,12.62
6/14/2013,12.7098
6/17/2013,12.832
6/18/2013,12.8889
6/19/2013,13.2235
6/20/2013,13.3644
6/21/2013,13.296
6/24/2013,13.293
6/25/2013,13.209
6/26/2013,13.153
6/27/2013,13.0126
6/28/2013,12.936
7/1/2013,12.9587
7/2/2013,13.0477
7/3/2013,12.95
7/5/2013,13.07
7/8/2013,12.87
7/9/2013,12.8933
7/10/2013,12.8925
7/11/2013,12.8
7/12/2013,12.81
7/15/2013,12.6648
7/16/2013,12.6219
7/17/2013,12.4624
7/18/2013,12.4931
7/19/2013,12.5337
7/22/2013,12.4967
7/23/2013,12.4915
7/24/2013,12.613
7/25/2013,12.601
7/26/2013,12.65
7/29/2013,12.7595
7/30/2013,12.7608
7/31/2013,12.7309
8/1/2013,12.8255
8/2/2013,12.6543
8/5/2013,12.6424
8/6/2013,12.617
8/7/2013,12.7072
8/8/2013,12.5998
8/9/2013,12.6125
8/12/2013,12.6745
8/13/2013,12.722
8/14/2013,12.7279
8/15/2013,12.8105
8/16/2013,12.9072
8/19/2013,13.0781
8/20/2013,12.9675
8/21/2013,13.251
8/22/2013,13.0847
8/23/2013,12.955
8/26/2013,13.1792
8/27/2013,13.227
8/28/2013,13.3112
8/29/2013,13.35
8/30/2013,13.368
9/3/2013,13.3875
9/4/2013,13.3065
9/5/2013,13.3825
9/6/2013,13.163
9/9/2013,13.0965
9/10/2013,13.0812
9/11/2013,13.0467
9/12/2013,13.0557
9/13/2013,13.0425
9/16/2013,12.9237
9/17/2013,12.916
9/18/2013,12.6595
9/19/2013,12.6999
9/20/2013,12.8522
9/23/2013,12.8085
9/24/2013,12.9464
9/25/2013,13.0083
9/26/2013,13.0662
9/27/2013,13.1295
9/30/2013,13.086
10/1/2013,13.1478
10/2/2013,13.115
10/3/2013,13.1525
10/4/2013,13.07
10/7/2013,13.1288
10/8/2013,13.2225
10/9/2013,13.1846
10/10/2013,13.0895
10/11/2013,12.9862
10/14/2013,12.989
10/15/2013,12.9995
10/16/2013,12.8452
10/17/2013,12.7787
10/18/2013,12.8552
10/21/2013,12.9879
10/22/2013,12.8385
10/23/2013,12.992
10/24/2013,12.9623
10/25/2013,12.8765
10/28/2013,12.8738
10/29/2013,12.9155
10/30/2013,12.9286
10/31/2013,13.0202
11/1/2013,13.0567
11/4/2013,12.996
11/5/2013,13.155
11/6/2013,13.178
11/7/2013,13.2231
11/8/2013,13.1614
11/11/2013,13.2065
11/12/2013,13.1743
11/13/2013,13.013
11/14/2013,12.9608
11/15/2013,12.9248
11/18/2013,12.891
11/19/2013,12.9648
11/20/2013,13.1021
11/21/2013,13.0205
11/22/2013,12.96
11/25/2013,13.0446
11/26/2013,13.0534
11/27/2013,13.1215
11/29/2013,13.1
12/2/2013,13.2136
12/3/2013,13.0988
12/4/2013,13.037
12/5/2013,13.09
12/6/2013,12.931
12/9/2013,12.8524
12/10/2013,12.8632
12/11/2013,13.035
12/12/2013,12.9632
12/13/2013,12.8712
12/16/2013,12.923
12/17/2013,12.949
12/18/2013,12.8699
12/19/2013,12.954
12/20/2013,12.975
12/23/2013,12.989
12/24/2013,13.0238
12/26/2013,13.077
12/27/2013,13.051
12/30/2013,13.06
12/31/2013,13.033
1/2/2014,13.15
1/3/2014,13.0995
1/6/2014,13.076
1/7/2014,13.012
1/8/2014,13.1317
1/9/2014,13.085
1/10/2014,12.959
1/13/2014,13.0845
1/14/2014,13.083
1/15/2014,13.2012
1/16/2014,13.278
1/17/2014,13.24
1/21/2014,13.2725
1/22/2014,13.307
1/23/2014,13.39
1/24/2014,13.456
1/27/2014,13.363
1/28/2014,13.253
1/29/2014,13.3995
1/30/2014,13.3605
1/31/2014,13.3525
2/3/2014,13.5285
2/4/2014,13.318
2/5/2014,13.2865
2/6/2014,13.274
2/7/2014,13.2829
2/10/2014,13.3264
2/11/2014,13.2806
2/12/2014,13.3212
2/13/2014,13.26
2/14/2014,13.239
2/18/2014,13.225
2/19/2014,13.3232
2/20/2014,13.2762
2/21/2014,13.2567
2/24/2014,13.2602
2/25/2014,13.218
2/26/2014,13.3303
2/27/2014,13.2542
2/28/2014,13.2442
3/3/2014,13.3302
3/4/2014,13.2772
3/5/2014,13.2405
3/6/2014,13.149
3/7/2014,13.188
3/10/2014,13.214
3/11/2014,13.2705
3/12/2014,13.2408
3/13/2014,13.2845
3/14/2014,13.2058
3/17/2014,13.1575
3/18/2014,13.155
3/19/2014,13.2835
3/20/2014,13.257
3/21/2014,13.2165
3/24/2014,13.1695
3/25/2014,13.1152
3/26/2014,13.124
3/27/2014,13.0772
3/28/2014,13.0645
3/31/2014,13.0517
4/1/2014,13.048
4/2/2014,13.087
4/3/2014,13.1115
4/4/2014,13.0098
4/7/2014,13.0058
4/8/2014,13.048
4/9/2014,12.9737
4/10/2014,13.0602
4/11/2014,13.0285
4/14/2014,13.019
4/15/2014,13.1017
4/16/2014,13.0602
4/17/2014,13.0438
4/21/2014,13.0268
4/22/2014,13.0562
4/23/2014,13.053
4/24/2014,13.1022
4/25/2014,13.122
4/28/2014,13.1231
4/29/2014,13.0989
4/30/2014,13.0801
5/1/2014,13.035
5/2/2014,13.016
5/5/2014,13.0502
5/6/2014,13.026
5/7/2014,12.9607
5/8/2014,12.9465
5/9/2014,12.9405
5/12/2014,12.9507
5/13/2014,12.9052
5/14/2014,12.8992
5/15/2014,12.957
5/16/2014,12.9003
5/19/2014,12.8962
5/20/2014,12.9045
5/21/2014,12.9252
5/22/2014,12.879
5/23/2014,12.8533
5/27/2014,12.8513
5/28/2014,12.8695
5/29/2014,12.8373
5/30/2014,12.8535
6/2/2014,12.9137
6/3/2014,12.9355
6/4/2014,12.9182
6/5/2014,12.8628
6/6/2014,12.926
6/9/2014,13.0301
6/10/2014,13.0165
6/11/2014,13.0085
6/12/2014,12.9757
6/13/2014,13.0068
6/16/2014,13.0463
6/17/2014,13.1147
6/18/2014,12.9812
6/19/2014,13.0215
6/20/2014,12.989
6/23/2014,13.026
6/24/2014,13.0622
6/25/2014,12.9999
6/26/2014,13.0172
6/27/2014,12.962
6/30/2014,12.9714
7/1/2014,12.9424
7/2/2014,12.9985
7/3/2014,12.9559
7/7/2014,13.0201
7/8/2014,12.9818
7/9/2014,12.9695
7/10/2014,12.9972
7/11/2014,12.9927
7/14/2014,12.9509
7/15/2014,12.9427
7/16/2014,12.9157
7/17/2014,12.995
7/18/2014,12.9512
7/21/2014,12.9694
7/22/2014,12.9413
7/23/2014,12.9302
7/24/2014,12.9611
7/25/2014,12.944
7/28/2014,13.003
7/29/2014,13.0661
7/30/2014,13.1485
7/31/2014,13.2154
8/1/2014,13.181
8/4/2014,13.1948
8/5/2014,13.289
8/6/2014,13.2374
8/7/2014,13.2772
8/8/2014,13.2485
8/11/2014,13.1819
8/12/2014,13.135
8/13/2014,13.1276
8/14/2014,13.0695
8/15/2014,13.0665
8/18/2014,13.0475
8/19/2014,13.0414
8/20/2014,13.1347
8/21/2014,13.1126
8/22/2014,13.137
8/25/2014,13.148
8/26/2014,13.0952
8/27/2014,13.084
8/28/2014,13.0853
8/29/2014,13.085
9/2/2014,13.1082
9/3/2014,13.097
9/4/2014,13.1465
9/5/2014,13.026
9/8/2014,13.136
9/9/2014,13.2015
9/10/2014,13.1935
9/11/2014,13.2298
9/12/2014,13.2555
9/15/2014,13.2335
9/16/2014,13.1572
9/17/2014,13.2437
9/18/2014,13.2327
9/19/2014,13.2098
9/22/2014,13.277
9/23/2014,13.3142
9/24/2014,13.275
9/25/2014,13.3838
9/26/2014,13.4452
9/29/2014,13.4961
9/30/2014,13.4252
10/1/2014,13.4517
10/2/2014,13.3772
10/3/2014,13.4802
10/6/2014,13.3927
10/7/2014,13.4775
10/8/2014,13.3355
10/9/2014,13.4327
10/10/2014,13.472
10/13/2014,13.445
10/14/2014,13.4452
10/15/2014,13.5273
10/16/2014,13.5575
10/17/2014,13.5207
10/20/2014,13.5302
10/21/2014,13.532
10/22/2014,13.553
10/23/2014,13.5595
10/24/2014,13.5602
10/27/2014,13.5452
10/28/2014,13.443
10/29/2014,13.494
10/30/2014,13.443
10/31/2014,13.4772
11/3/2014,13.6012
11/4/2014,13.5525
11/5/2014,13.5675
11/6/2014,13.6343
11/7/2014,13.533
11/10/2014,13.6065
11/11/2014,13.5997
11/12/2014,13.554
11/13/2014,13.604
11/14/2014,13.5315
11/17/2014,13.5875
11/18/2014,13.556
11/19/2014,13.6165
11/20/2014,13.6482
11/21/2014,13.6165
11/24/2014,13.6565
11/25/2014,13.6707
11/26/2014,13.72
11/28/2014,13.9355
12/1/2014,13.988
12/2/2014,14.096
12/3/2014,14.0965
12/4/2014,14.1533
12/5/2014,14.3525
12/8/2014,14.379
12/9/2014,14.417
12/10/2014,14.553
12/11/2014,14.778
12/12/2014,14.7613
12/15/2014,14.76
12/16/2014,14.7425
12/17/2014,14.555
12/18/2014,14.56
12/19/2014,14.6082
12/22/2014,14.6607
12/23/2014,14.752
12/24/2014,14.7102
12/26/2014,14.7052
12/29/2014,14.769
12/30/2014,14.731
12/31/2014,14.741
1/2/2015,14.8305
1/5/2015,14.938
1/6/2015,14.8907
1/7/2015,14.709
1/8/2015,14.667
1/9/2015,14.598
1/12/2015,14.647
1/13/2015,14.608
1/14/2015,14.482
1/15/2015,14.659
1/16/2015,14.5552
1/20/2015,14.6604
1/21/2015,14.7495
1/22/2015,14.6252
1/23/2015,14.6577
1/26/2015,14.572
1/27/2015,14.623
1/28/2015,14.754
1/29/2015,14.7971
1/30/2015,14.984
2/2/2015,14.86
2/3/2015,14.6492
2/4/2015,14.8815
2/5/2015,14.7842
2/6/2015,14.8602
2/9/2015,14.8322
2/10/2015,14.969
2/11/2015,15.0695
2/12/2015,14.9177
2/13/2015,14.8837
2/17/2015,14.9128
2/18/2015,14.8603
2/19/2015,14.9973
2/20/2015,15.0205
2/23/2015,15.0857
2/24/2015,14.9085
2/25/2015,14.925
2/26/2015,14.9905
2/27/2015,14.946
3/2/2015,15.01
3/3/2015,14.9898
3/4/2015,15.0445
3/5/2015,15.186
3/6/2015,15.4873
3/9/2015,15.4715
3/10/2015,15.614
3/11/2015,15.4978
3/12/2015,15.3935
3/13/2015,15.4797
3/16/2015,15.4125
3/17/2015,15.372
3/18/2015,15.0925
3/19/2015,15.275
3/20/2015,15.0555
3/23/2015,14.929
3/24/2015,14.939
3/25/2015,14.978
3/26/2015,15.1348
3/27/2015,15.2295
3/30/2015,15.2585
3/31/2015,15.2515
4/1/2015,15.1472
4/2/2015,14.9963
4/6/2015,14.911
4/7/2015,14.9238
4/8/2015,14.9007
4/9/2015,15.085
4/10/2015,15.2218
4/13/2015,15.377
4/14/2015,15.2579
4/15/2015,15.2679
4/16/2015,15.1658
4/17/2015,15.3225
4/20/2015,15.4518
4/21/2015,15.4302
4/22/2015,15.4405
4/23/2015,15.3487
4/24/2015,15.3742
4/27/2015,15.3464
4/28/2015,15.2515
4/29/2015,15.2198
4/30/2015,15.341
5/1/2015,15.5764
5/4/2015,15.4475
5/5/2015,15.3429
5/6/2015,15.3582
5/7/2015,15.3159
5/8/2015,15.1168
5/11/2015,15.359
5/12/2015,15.336
5/13/2015,15.2765
5/14/2015,15.0935
5/15/2015,15.0058
5/18/2015,15.1169
5/19/2015,15.1886
5/20/2015,15.1917
5/21/2015,15.2189
5/22/2015,15.2624
5/26/2015,15.2959
5/27/2015,15.2832
5/28/2015,15.3146
5/29/2015,15.378
6/1/2015,15.4853
6/2/2015,15.4317
6/3/2015,15.5184
6/4/2015,15.5373
6/5/2015,15.7115
6/8/2015,15.6296
6/9/2015,15.5806
6/10/2015,15.4389
6/11/2015,15.3492
6/12/2015,15.4032
6/15/2015,15.4364
6/16/2015,15.3905
6/17/2015,15.255
6/18/2015,15.3425
6/19/2015,15.3486
6/22/2015,15.338
6/23/2015,15.4002
6/24/2015,15.4991
6/25/2015,15.4808
6/26/2015,15.5582
6/29/2015,15.6873
6/30/2015,15.7389
7/1/2015,15.7784
7/2/2015,15.66
7/3/2015,15.7302
7/6/2015,15.713
7/7/2015,15.7971
7/8/2015,15.8484
7/9/2015,15.8153
7/10/2015,15.7137
7/13/2015,15.7003
7/14/2015,15.6616
7/15/2015,15.7822
7/16/2015,15.8307
7/17/2015,15.9266
7/20/2015,16.012
7/21/2015,16.0028
7/22/2015,16.1026
7/23/2015,16.2122
7/24/2015,16.2669
7/27/2015,16.2924
7/28/2015,16.275
7/29/2015,16.2905
7/30/2015,16.2678
7/31/2015,16.1088
8/3/2015,16.175
8/4/2015,16.299
8/5/2015,16.3742
8/6/2015,16.3249
8/7/2015,16.1575
8/10/2015,16.1589
8/11/2015,16.3149
8/12/2015,16.2785
8/13/2015,16.4009
8/14/2015,16.3747
8/17/2015,16.4279
8/18/2015,16.4023
8/19/2015,16.6213
8/20/2015,16.8032
8/21/2015,16.9871
8/24/2015,17.2011
8/25/2015,17.2091
8/26/2015,17.0129
8/27/2015,16.8754
8/28/2015,16.75
8/31/2015,16.7503
9/1/2015,16.9686
9/2/2015,16.8262
9/3/2015,16.7999
9/4/2015,16.9398
9/7/2015,16.9963
9/8/2015,16.8232
9/9/2015,16.826
9/10/2015,16.7736
9/11/2015,16.8387
9/14/2015,16.7524
9/15/2015,16.6882
9/16/2015,16.5484
9/17/2015,16.5996
9/18/2015,16.6523
9/21/2015,16.6624
9/22/2015,16.885
9/23/2015,17.1176
9/24/2015,16.8694
9/25/2015,16.972
9/28/2015,17.0692
9/29/2015,17.0243
9/30/2015,16.9177
10/1/2015,16.9229
10/2/2015,16.7588
10/5/2015,16.794
10/6/2015,16.6554
10/7/2015,16.6531
10/8/2015,16.4585
10/9/2015,16.432
10/12/2015,16.4599
10/13/2015,16.657
10/14/2015,16.4736
10/15/2015,16.3895
10/16/2015,16.426
10/19/2015,16.4886
10/20/2015,16.5611
10/21/2015,16.6557
10/22/2015,16.4765
10/23/2015,16.5919
10/26/2015,16.5298
10/27/2015,16.5452
10/28/2015,16.6388
10/29/2015,16.6301
10/30/2015,16.5021
11/2/2015,16.4417
11/3/2015,16.3983
11/4/2015,16.5361
11/5/2015,16.6049
11/6/2015,16.8075
11/9/2015,16.7734
11/10/2015,16.7536
11/11/2015,16.7307
11/12/2015,16.7378
11/13/2015,16.6833
11/16/2015,16.7705
11/17/2015,16.7253
11/18/2015,16.7356
11/19/2015,16.621
11/20/2015,16.5384
11/23/2015,16.5471
11/24/2015,16.5338
11/25/2015,16.5029
11/26/2015,16.561
11/27/2015,16.6268
11/30/2015,16.5768
12/1/2015,16.5215
12/2/2015,16.5645
12/3/2015,16.7111
12/4/2015,16.6552
12/7/2015,16.8876
12/8/2015,17.0217
12/9/2015,17.0652
12/10/2015,17.1924
12/11/2015,17.3925
12/14/2015,17.3145
12/15/2015,17.1121
12/16/2015,16.9832
12/17/2015,17.0483
12/18/2015,17.1383
12/21/2015,17.1614
12/22/2015,17.1913
12/23/2015,17.2225
12/24/2015,17.2468
12/25/2015,17.2394
12/28/2015,17.2421
12/29/2015,17.2532
12/30/2015,17.3822
12/31/2015,17.2075
1/1/2016,17.2626
1/4/2016,17.3092
1/5/2016,17.3371
1/6/2016,17.5383
1/7/2016,17.8464
1/8/2016,17.9354
1/11/2016,17.884
1/12/2016,17.8956
1/13/2016,17.948
1/14/2016,17.878
1/15/2016,18.2648
1/18/2016,18.2102
1/19/2016,18.2777
1/20/2016,18.5276
1/21/2016,18.7293
1/22/2016,18.4422
1/25/2016,18.6035
1/26/2016,18.4618
1/27/2016,18.4727
1/28/2016,18.3264
1/29/2016,18.1065
2/1/2016,18.2328
2/2/2016,18.4781
2/3/2016,18.17
2/4/2016,18.2806
2/5/2016,18.4396
2/8/2016,18.6714
2/9/2016,18.8015
2/10/2016,18.9387
2/11/2016,19.1476
2/12/2016,18.9083
2/15/2016,18.8317
2/16/2016,18.8835
2/17/2016,18.3653
2/18/2016,18.2961
2/19/2016,18.2208
2/22/2016,18.0792
2/23/2016,18.2084
2/24/2016,18.2134
2/25/2016,18.127
2/26/2016,18.2747
2/29/2016,18.136
3/1/2016,17.9116
3/2/2016,17.8255
3/3/2016,17.9233
3/4/2016,17.7746
3/7/2016,17.7498
3/8/2016,17.9278
3/9/2016,17.7628
3/10/2016,17.8063
3/11/2016,17.6987
3/14/2016,17.7456
3/15/2016,17.8893
3/16/2016,17.6005
3/17/2016,17.3192
3/18/2016,17.3934
3/21/2016,17.4116
3/22/2016,17.3334
3/23/2016,17.5894
3/24/2016,17.6102
3/25/2016,17.5386
3/28/2016,17.4341
3/29/2016,17.3447
3/30/2016,17.2319
3/31/2016,17.279
4/1/2016,17.3391
4/4/2016,17.487
4/5/2016,17.6946
4/6/2016,17.6539
4/7/2016,17.8761
4/8/2016,17.7763
4/11/2016,17.6483
4/12/2016,17.4813
4/13/2016,17.4298
4/14/2016,17.4453
4/15/2016,17.5529
4/18/2016,17.4355
4/19/2016,17.31
4/20/2016,17.2782
4/21/2016,17.4701
4/22/2016,17.4747
4/25/2016,17.5632
4/26/2016,17.3709
4/27/2016,17.3149
4/28/2016,17.271
4/29/2016,17.177
5/2/2016,17.2056
5/3/2016,17.6115
5/4/2016,17.7996
5/5/2016,17.8928
5/6/2016,17.868
5/9/2016,18.2024
5/10/2016,17.9894
5/11/2016,17.9924
5/12/2016,17.9703
5/13/2016,18.1705
5/16/2016,18.306
5/17/2016,18.2728
5/18/2016,18.4498
5/19/2016,18.4243
5/20/2016,18.3465
5/23/2016,18.5161
5/24/2016,18.487
5/25/2016,18.4852
5/26/2016,18.4544
5/27/2016,18.4751
5/30/2016,18.4855
5/31/2016,18.4672
6/1/2016,18.5217
6/2/2016,18.6774
6/3/2016,18.5919
6/6/2016,18.6688
6/7/2016,18.3561
6/8/2016,18.1175
6/9/2016,18.2481
6/10/2016,18.6328
6/13/2016,18.8394
6/14/2016,18.9352
6/15/2016,18.9127
6/16/2016,18.945
6/17/2016,18.8375
6/20/2016,18.6575
6/21/2016,18.6241
6/22/2016,18.4942
6/23/2016,18.2273
6/24/2016,18.9278
6/27/2016,19.181
6/28/2016,18.8366
6/29/2016,18.4839
6/30/2016,18.2804
7/1/2016,18.3605
7/4/2016,18.4206
7/5/2016,18.8182
7/6/2016,18.7379
7/7/2016,18.8288
7/8/2016,18.505
7/11/2016,18.4678
7/12/2016,18.3417
7/13/2016,18.3662
7/14/2016,18.3534
7/15/2016,18.6048
7/18/2016,18.3861
7/19/2016,18.5003
7/20/2016,18.6797
7/21/2016,18.577
7/22/2016,18.5463
7/25/2016,18.7761
7/26/2016,18.7746
7/27/2016,18.8259
7/28/2016,18.8928
7/29/2016,18.7527
8/1/2016,18.8647
8/2/2016,18.9346
8/3/2016,18.8876
8/4/2016,18.9077
8/5/2016,18.7542
8/8/2016,18.5533
8/9/2016,18.4369
8/10/2016,18.4152
8/11/2016,18.2294
8/12/2016,18.2602
8/15/2016,18.0776
8/16/2016,18.0614
8/17/2016,18.1395
8/18/2016,18.1891
8/19/2016,18.22
8/22/2016,18.2948
8/23/2016,18.5693
8/24/2016,18.4556
8/25/2016,18.3663
8/26/2016,18.5925
8/29/2016,18.6252
8/30/2016,18.8181
8/31/2016,18.7836
9/1/2016,18.7481
9/2/2016,18.5783
9/5/2016,18.565
9/6/2016,18.2762
9/7/2016,18.3797
9/8/2016,18.6727
9/9/2016,18.8986
9/12/2016,18.813
9/13/2016,19.086
9/14/2016,19.2734
9/15/2016,19.3453
9/16/2016,19.6106
9/19/2016,19.6902
9/20/2016,19.8113
9/21/2016,19.7409
9/22/2016,19.6148
9/23/2016,19.7893
9/26/2016,19.8772
9/27/2016,19.3904
9/28/2016,19.3801
9/29/2016,19.5213
9/30/2016,19.3852
10/3/2016,19.2859
10/4/2016,19.326
10/5/2016,19.2135
10/6/2016,19.2355
10/7/2016,19.3009
10/10/2016,18.9281
10/11/2016,18.9149
10/12/2016,18.9206
10/13/2016,18.925
10/14/2016,19.0079
10/17/2016,18.8731
10/18/2016,18.6162
10/19/2016,18.5225
10/20/2016,18.6206
10/21/2016,18.5946
10/24/2016,18.553
10/25/2016,18.5212
10/26/2016,18.6846
10/27/2016,18.8396
10/28/2016,18.9844
10/31/2016,18.8642
11/1/2016,19.2007
11/2/2016,19.3683
11/3/2016,19.1749
11/4/2016,19.0266
11/7/2016,18.5944
11/8/2016,18.3226
11/9/2016,19.844
11/10/2016,20.5754
11/11/2016,20.8492
11/14/2016,20.6906
11/15/2016,20.2695
11/16/2016,20.2085
11/17/2016,20.4286
11/18/2016,20.6435
11/21/2016,20.4495
11/22/2016,20.5949
11/23/2016,20.6446
11/24/2016,20.7441
11/25/2016,20.6538
11/28/2016,20.6303
11/29/2016,20.6236
11/30/2016,20.5743
12/1/2016,20.7785
12/2/2016,20.6281
12/5/2016,20.5943
12/6/2016,20.3939
12/7/2016,20.3354
12/8/2016,20.3172
12/9/2016,20.3894
12/12/2016,20.2144
12/13/2016,20.279
12/14/2016,20.4708
12/15/2016,20.3326
12/16/2016,20.4395
12/19/2016,20.3865
12/20/2016,20.4583
12/21/2016,20.5579
12/22/2016,20.7592
12/23/2016,20.6095
12/26/2016,20.6348
12/27/2016,20.7593
12/28/2016,20.7543
12/29/2016,20.7281
12/30/2016,20.7272
1/2/2017,20.7334
1/3/2017,21.1102
1/4/2017,21.4459
1/5/2017,21.4226
1/6/2017,21.2217
1/9/2017,21.3788
1/10/2017,21.8067
1/11/2017,21.8574
1/12/2017,21.7798
1/13/2017,21.4765
1/16/2017,21.7363
1/17/2017,21.5079
1/18/2017,21.9544
1/19/2017,21.9555
1/20/2017,21.5877
1/23/2017,21.3879
1/24/2017,21.5273
1/25/2017,21.0719
1/26/2017,21.2139
1/27/2017,20.8863
1/30/2017,20.7839
1/31/2017,20.8322
2/1/2017,20.7074
2/2/2017,20.5602
2/3/2017,20.3631
2/6/2017,20.5634
2/7/2017,20.6208
2/8/2017,20.4793
2/9/2017,20.3504
2/10/2017,20.3461
2/13/2017,20.2823
2/14/2017,20.2605
2/15/2017,20.2748
2/16/2017,20.3802
2/17/2017,20.4292
2/20/2017,20.3718
2/21/2017,20.0138
2/22/2017,19.9067
2/23/2017,19.6669
2/24/2017,19.9115
2/27/2017,19.911
2/28/2017,20.109
3/1/2017,19.8104
3/2/2017,19.999
3/3/2017,19.51
3/6/2017,19.6135
3/7/2017,19.4946
3/8/2017,19.6715
3/9/2017,19.8377
3/10/2017,19.6086
3/13/2017,19.6177
3/14/2017,19.667
3/15/2017,19.2215
3/16/2017,19.2654
3/17/2017,19.0772
3/20/2017,19.0013
3/21/2017,19.0999
3/22/2017,19.0263
3/23/2017,18.9286
3/24/2017,18.7579
3/27/2017,18.8918
3/28/2017,19.0296
3/29/2017,18.7068
3/30/2017,18.7145
3/31/2017,18.7249
4/3/2017,18.6721
4/4/2017,18.8257
4/5/2017,18.8302
4/6/2017,18.7478
4/7/2017,18.6662
4/10/2017,18.682
4/11/2017,18.7799
4/12/2017,18.5512
4/13/2017,18.581
4/14/2017,18.521
4/17/2017,18.4972
4/18/2017,18.5914
4/19/2017,18.8379
4/20/2017,18.7901
4/21/2017,18.8112
4/24/2017,18.7304
4/25/2017,18.863
4/26/2017,19.191
4/27/2017,19.027
4/28/2017,18.8206
5/1/2017,18.7408
5/2/2017,18.7698
5/3/2017,18.8638
5/4/2017,19.0489
5/5/2017,18.988
5/8/2017,19.2076
5/9/2017,19.1729
5/10/2017,19.0157
5/11/2017,18.8379
5/12/2017,18.8206
5/15/2017,18.7029
5/16/2017,18.6406
5/17/2017,18.7838
5/18/2017,18.8375
5/19/2017,18.7276
5/22/2017,18.662
5/23/2017,18.6339
5/24/2017,18.4433
5/25/2017,18.5034
5/26/2017,18.5157
5/29/2017,18.4744
5/30/2017,18.6987
5/31/2017,18.6199
6/1/2017,18.6439
6/2/2017,18.6812
6/5/2017,18.3435
6/6/2017,18.2372
6/7/2017,18.2259
6/8/2017,18.1984
6/9/2017,18.1721
6/12/2017,18.1349
6/13/2017,18.0528
6/14/2017,17.9196
6/15/2017,18.0433
6/16/2017,17.9129
6/19/2017,17.9579
6/20/2017,18.1921
6/21/2017,18.2387
6/22/2017,18.1154
6/23/2017,18.0072
6/26/2017,17.8694
6/27/2017,17.9871
6/28/2017,17.8515
6/29/2017,18.0432
6/30/2017,18.1203
7/3/2017,18.2271
7/4/2017,18.1985
7/5/2017,18.3028
7/6/2017,18.2577
7/7/2017,18.0912
7/10/2017,17.9515
7/11/2017,17.9089
7/12/2017,17.7758
7/13/2017,17.6841
7/14/2017,17.564
7/17/2017,17.5875
7/18/2017,17.4748
7/19/2017,17.5553
7/20/2017,17.4863
7/21/2017,17.6542
7/24/2017,17.7266
7/25/2017,17.7713
7/26/2017,17.5897
7/27/2017,17.7251
7/28/2017,17.7769
7/31/2017,17.8005
8/1/2017,17.8902
8/2/2017,17.8219
8/3/2017,17.8415
8/4/2017,17.889
8/7/2017,17.9275
8/8/2017,17.8512
8/9/2017,17.9473
8/10/2017,17.9722
8/11/2017,17.8321
8/14/2017,17.7705
8/15/2017,17.8072
8/16/2017,17.6625
8/17/2017,17.8493
8/18/2017,17.7107
8/21/2017,17.6553
8/22/2017,17.6603
8/23/2017,17.6861
8/24/2017,17.7259
8/25/2017,17.6151
8/28/2017,17.8713
8/29/2017,17.8413
8/30/2017,17.7173
8/31/2017,17.8863
9/1/2017,17.8139
9/4/2017,17.8723
9/5/2017,17.9005
9/6/2017,17.7879
9/7/2017,17.6724
9/8/2017,17.7114
9/11/2017,17.6741
9/12/2017,17.7278
9/13/2017,17.748
9/14/2017,17.6657
9/15/2017,17.6607
9/18/2017,17.76
9/19/2017,17.7979
9/20/2017,17.7688
9/21/2017,17.8801
9/22/2017,17.7454
9/25/2017,17.9247
9/26/2017,17.9552
9/27/2017,18.204
9/28/2017,18.1609
9/29/2017,18.2545
10/2/2017,18.2301
10/3/2017,18.2111
10/4/2017,18.2693
10/5/2017,18.4962
10/6/2017,18.5304
10/9/2017,18.6721
10/10/2017,18.8285
10/11/2017,18.7089
10/12/2017,18.9064
10/13/2017,18.9112
10/16/2017,19.0327
10/17/2017,18.7896
10/18/2017,18.8578
10/19/2017,18.8045
10/20/2017,18.9965
10/23/2017,19.0812
10/24/2017,19.2327
10/25/2017,19.04
10/26/2017,19.2043
10/27/2017,19.133
10/30/2017,19.2397
10/31/2017,19.1466
11/1/2017,19.0716
11/2/2017,18.982
11/3/2017,19.2032
11/6/2017,19.019
11/7/2017,19.1499
11/8/2017,19.0858
11/9/2017,19.0448
11/10/2017,19.1017
11/13/2017,19.1284
11/14/2017,19.166
11/15/2017,19.2509
11/16/2017,19.0558
11/17/2017,18.9173
11/20/2017,18.9958
11/21/2017,18.7736
11/22/2017,18.6379
11/23/2017,18.6241
11/24/2017,18.5575
11/27/2017,18.5819
11/28/2017,18.5415
11/29/2017,18.5648
11/30/2017,18.6284
12/1/2017,18.6333
12/4/2017,18.615
12/5/2017,18.7703
12/6/2017,18.8687
12/7/2017,18.9694
12/8/2017,18.9292
12/11/2017,19.0584
12/12/2017,19.187
12/13/2017,19.0092
12/14/2017,19.1381
12/15/2017,19.1175
12/18/2017,19.0841
12/19/2017,19.2123
12/20/2017,19.2212
12/21/2017,19.4644
12/22/2017,19.7498
12/25/2017,19.7481
12/26/2017,19.8658
12/27/2017,19.6893
12/28/2017,19.7213
12/29/2017,19.659
1/2/2018,19.5401
1/3/2018,19.3498
1/4/2018,19.2893
1/5/2018,19.1793
1/8/2018,19.2256
1/9/2018,19.2399
1/10/2018,19.2948
1/11/2018,19.2721
1/12/2018,19.0371
1/15/2018,18.8566
1/16/2018,18.7682
1/17/2018,18.7157
1/18/2018,18.605
1/19/2018,18.6353
1/22/2018,18.6832
1/23/2018,18.697
1/24/2018,18.5003
1/25/2018,18.6043
1/26/2018,18.4901
1/29/2018,18.6071
1/30/2018,18.76
1/31/2018,18.5999
2/1/2018,18.3447
2/2/2018,18.5949
2/5/2018,18.7848
2/6/2018,18.6077
2/7/2018,18.7994
2/8/2018,18.8949
2/9/2018,18.7006
2/12/2018,18.6077
2/13/2018,18.66
2/14/2018,18.5641
2/15/2018,18.5015
2/16/2018,18.5249
2/19/2018,18.5333
2/20/2018,18.7074
2/21/2018,18.837
2/22/2018,18.6051
2/23/2018,18.526
2/24/2018,18.526
2/25/2018,18.5623
2/26/2018,18.6672
2/27/2018,18.8416
2/28/2018,18.8384
3/1/2018,18.8438
3/2/2018,18.8375
3/3/2018,18.793
3/4/2018,18.8358
3/5/2018,18.7846
3/6/2018,18.8502
3/7/2018,18.71
3/8/2018,18.6368
3/9/2018,18.601
3/10/2018,18.599
3/11/2018,18.6208
3/12/2018,18.5886
3/13/2018,18.6006
3/14/2018,18.5798
3/15/2018,18.6992
3/16/2018,18.6804
3/17/2018,18.6804
3/18/2018,18.6905
3/19/2018,18.7111
3/20/2018,18.7497
3/21/2018,18.4459
3/22/2018,18.6768
3/23/2018,18.509
3/24/2018,18.509
3/25/2018,18.5052
3/26/2018,18.3299
3/27/2018,18.3739
3/28/2018,18.3231
3/29/2018,18.1802
3/30/2018,18.149
3/31/2018,18.149
4/1/2018,18.1964
4/2/2018,18.2408
4/3/2018,18.2231
4/4/2018,18.1127
4/5/2018,18.2344
4/6/2018,18.276
4/7/2018,18.276
4/8/2018,18.3055
4/9/2018,18.3457
4/10/2018,18.2518
4/11/2018,18.2057
4/12/2018,18.184
4/13/2018,18.034
4/14/2018,18.035
4/15/2018,18.0507
4/16/2018,18.0051
4/17/2018,18.0374
4/18/2018,18.0699
4/19/2018,18.4466
4/20/2018,18.5105
4/21/2018,18.519
4/22/2018,18.5334
4/23/2018,18.9415
4/24/2018,18.8122
4/25/2018,18.8603
4/26/2018,18.7712
4/27/2018,18.608
4/28/2018,18.608
4/29/2018,18.6501
4/30/2018,18.7106
5/1/2018,18.944
5/2/2018,19.1005
5/3/2018,19.052
5/4/2018,19.247
5/5/2018,19.247
5/6/2018,19.2666
5/7/2018,19.433
5/8/2018,19.5606
5/9/2018,19.5738
5/10/2018,19.242
5/11/2018,19.418
5/12/2018,19.418
5/13/2018,19.3492
5/14/2018,19.5898
5/15/2018,19.683
5/16/2018,19.5767
5/17/2018,19.7617
5/18/2018,19.948
5/19/2018,19.948
5/20/2018,19.8907
5/21/2018,19.8368
5/22/2018,19.765
5/23/2018,19.6377
5/24/2018,19.5777
5/25/2018,19.535
5/26/2018,19.535
5/27/2018,19.526
5/28/2018,19.5886
5/29/2018,19.8325
5/30/2018,19.781
5/31/2018,19.9145
6/1/2018,19.932
6/2/2018,19.932
6/3/2018,19.9424
6/4/2018,20.0627
6/5/2018,20.4004
6/6/2018,20.3065
6/7/2018,20.4303
6/8/2018,20.282
6/9/2018,20.282
6/10/2018,20.3395
6/11/2018,20.5734
6/12/2018,20.705
6/13/2018,20.6656
6/14/2018,20.8521
6/15/2018,20.624
6/16/2018,20.624
6/17/2018,20.6841
6/18/2018,20.5503
6/19/2018,20.5256
6/20/2018,20.3702
6/21/2018,20.3238
6/22/2018,20.002
6/23/2018,20.002
6/24/2018,20.0433
6/25/2018,19.9037
6/26/2018,19.9171
6/27/2018,20.1551
6/28/2018,19.7441
6/29/2018,19.909
6/30/2018,19.909
7/1/2018,19.8027
7/2/2018,19.9644
7/3/2018,19.5096
7/4/2018,19.435
7/5/2018,19.2526
7/6/2018,19.0553
7/7/2018,19.015
7/8/2018,19.0713
7/9/2018,19.1808
7/10/2018,19.0205
7/11/2018,19.0701
7/12/2018,18.9699
7/13/2018,18.882
7/14/2018,18.882
7/15/2018,18.9014
7/16/2018,18.8356
7/17/2018,18.8885
7/18/2018,18.9027
7/19/2018,19.0346
7/20/2018,19.018
7/21/2018,19.018
7/22/2018,19.018
7/23/2018,18.915
7/24/2018,18.8596
7/25/2018,18.6632
7/26/2018,18.634
7/27/2018,18.618
7/28/2018,18.618
7/29/2018,18.6217
7/30/2018,18.5339
7/31/2018,18.6686
8/1/2018,18.594
8/2/2018,18.649
8/3/2018,18.556
8/4/2018,18.556
8/5/2018,18.5705
8/6/2018,18.5342
8/7/2018,18.4592
8/8/2018,18.4731
8/9/2018,18.7358
8/10/2018,18.9112
8/11/2018,18.9112
8/12/2018,19.0877
8/13/2018,19.1462
8/14/2018,18.8949
8/15/2018,19.1882
8/16/2018,19.0216
8/17/2018,18.8935
8/18/2018,18.8935
8/19/2018,18.8932
8/20/2018,19.0026
8/21/2018,18.9474
8/22/2018,18.7617
8/23/2018,19.0186
8/24/2018,18.9135
8/25/2018,18.9135
8/26/2018,18.7826
8/27/2018,18.8039
8/28/2018,19.0695
8/29/2018,18.9413
8/30/2018,19.1036
8/31/2018,19.0845
9/1/2018,19.0841
9/2/2018,19.1119
9/3/2018,19.1996
9/4/2018,19.3831
9/5/2018,19.3519
9/6/2018,19.2363
9/7/2018,19.3219
9/8/2018,19.3227
9/9/2018,19.3289
9/10/2018,19.2807
9/11/2018,19.2081
9/12/2018,19.0421
9/13/2018,18.8334
9/14/2018,18.8913
9/15/2018,18.8913
9/17/2018,18.8579
9/18/2018,18.804
9/19/2018,18.7705
9/20/2018,18.8331
9/21/2018,18.8289
9/22/2018,18.8289
9/24/2018,18.9781
9/25/2018,18.9894
9/26/2018,18.8497
9/27/2018,18.7991
9/28/2018,18.7179
9/29/2018,18.7179
10/1/2018,18.7155
10/2/2018,18.8007
10/3/2018,19.0447
10/4/2018,19.1261
10/5/2018,18.8238
10/6/2018,18.8238
10/8/2018,18.9408
10/9/2018,19.0103
10/10/2018,19.1726
10/11/2018,18.9766
10/12/2018,18.856
10/13/2018,18.856
10/15/2018,18.8366
10/16/2018,18.7552
10/17/2018,18.8783
10/18/2018,19.1535
10/19/2018,19.2699
10/20/2018,19.2699
10/22/2018,19.4038
10/23/2018,19.297
10/24/2018,19.6034
10/25/2018,19.4871
10/26/2018,19.3614
10/27/2018,19.3614
10/29/2018,20.0358
10/30/2018,20.0735
10/31/2018,20.3306
11/1/2018,20.1614
11/2/2018,20.0131
11/3/2018,20.0131
11/5/2018,19.8821
11/6/2018,19.7218
11/7/2018,19.8731
11/8/2018,20.1647
11/9/2018,20.1394
11/10/2018,20.1394
11/12/2018,20.3672
11/13/2018,20.4972
11/14/2018,20.4048
11/15/2018,20.2478
11/16/2018,20.1622
11/17/2018,20.143
11/19/2018,20.3669
11/20/2018,20.3763
11/21/2018,20.2548
11/22/2018,20.3105
11/23/2018,20.4115
11/24/2018,20.4115
11/26/2018,20.6223
11/27/2018,20.4818
11/28/2018,20.2687
11/29/2018,20.2385
11/30/2018,20.3972
12/1/2018,20.3972
12/3/2018,20.3393
12/4/2018,20.5198
12/5/2018,20.5043
12/6/2018,20.3443
12/7/2018,20.2755
12/8/2018,20.2755
12/10/2018,20.306
12/11/2018,20.193
12/12/2018,20.0699
12/13/2018,20.3051
12/14/2018,20.2384
12/15/2018,20.2384
12/17/2018,20.0757
12/18/2018,20.0765
12/19/2018,20.1124
12/20/2018,19.8859
12/21/2018,19.9425
12/22/2018,19.9425
12/24/2018,19.8735
12/25/2018,19.9122
12/26/2018,19.9068
12/27/2018,19.6894
12/28/2018,19.6606
12/29/2018,19.6545
12/31/2018,19.648
1/1/2019,19.6517
1/2/2019,19.6206
1/3/2019,19.6235
1/4/2019,19.4216
1/5/2019,19.422
1/7/2019,19.351
1/8/2019,19.3463
1/9/2019,19.2215
1/10/2019,19.1309
1/11/2019,19.1397
1/12/2019,19.1397
1/14/2019,18.9847
1/15/2019,19.012
1/16/2019,18.8813
1/17/2019,19.0101
1/18/2019,19.0827
1/19/2019,19.0827
1/21/2019,19.1609
1/22/2019,19.1683
1/23/2019,19.0336
1/24/2019,19.0149
1/25/2019,18.9887
1/26/2019,18.9887
1/28/2019,19.0323
1/29/2019,18.997
1/30/2019,19.1224
1/31/2019,19.1194
2/1/2019,19.1008
2/2/2019,19.1008
2/4/2019,19.1054
2/5/2019,19.0429
2/6/2019,19.1188
2/7/2019,19.0875
2/8/2019,19.0787
2/9/2019,19.0787
2/11/2019,19.3158
2/12/2019,19.2618
2/13/2019,19.4287
2/14/2019,19.2593
2/15/2019,19.2428
2/16/2019,19.2428
2/18/2019,19.2549
2/19/2019,19.1577
2/20/2019,19.2262
2/21/2019,19.2922
2/22/2019,19.1453
2/23/2019,19.1453
2/25/2019,19.1316
2/26/2019,19.1681
2/27/2019,19.1689
2/28/2019,19.2759
3/1/2019,19.2672
3/2/2019,19.2672
3/4/2019,19.2948
3/5/2019,19.2566
3/6/2019,19.3657
3/7/2019,19.554
3/8/2019,19.4934
3/9/2019,19.4934
3/11/2019,19.3916
3/12/2019,19.3441
3/13/2019,19.2886
3/14/2019,19.3149
3/15/2019,19.2062
3/16/2019,19.2062
3/18/2019,19.0646
3/19/2019,19.0174
3/20/2019,18.8334
3/21/2019,18.859
3/22/2019,19.093
3/23/2019,19.093
3/25/2019,19.024
3/26/2019,19.1081
3/27/2019,19.3765
3/28/2019,19.3455
3/29/2019,19.4304
3/30/2019,19.4301
4/1/2019,19.1934
4/2/2019,19.2317
4/3/2019,19.2177
4/4/2019,19.1527
4/5/2019,19.0726
4/6/2019,19.0726
4/8/2019,18.9808
4/9/2019,18.9329
4/10/2019,18.826
4/11/2019,18.8309
4/12/2019,18.7566
4/13/2019,18.7566
4/15/2019,18.8793
4/16/2019,18.8777
4/17/2019,18.8105
4/18/2019,18.8089
4/19/2019,18.7704
4/20/2019,18.7704
4/22/2019,18.823
4/23/2019,18.9291
4/24/2019,19.0692
4/25/2019,19.0259
4/26/2019,18.9406
4/27/2019,18.9406
4/29/2019,19.011
4/30/2019,18.9444
5/1/2019,18.9955
5/2/2019,19.1269
5/3/2019,18.9191
5/4/2019,18.9191
5/6/2019,19.0213
5/7/2019,19.035
5/8/2019,19.0863
5/9/2019,19.2386
5/10/2019,19.1033
5/11/2019,19.1033
5/13/2019,19.2256
5/14/2019,19.1528
5/15/2019,19.0582
5/16/2019,19.1143
5/17/2019,19.1563
5/18/2019,19.1563
5/20/2019,19.0671
5/21/2019,19.0198
5/22/2019,18.9993
5/23/2019,19.048
5/24/2019,19.0417
5/25/2019,19.0417
5/27/2019,19.0483
5/28/2019,19.1951
5/29/2019,19.1414
5/30/2019,19.1795
5/31/2019,19.6155
6/1/2019,19.6155
6/3/2019,19.8015
6/4/2019,19.5703
6/5/2019,19.747
6/6/2019,19.7511
6/7/2019,19.6173
6/8/2019,19.6173
6/10/2019,19.2171
6/11/2019,19.127
6/12/2019,19.182
6/13/2019,19.1901
6/14/2019,19.154
6/15/2019,19.154
6/17/2019,19.1806
6/18/2019,19.1279
6/19/2019,19.0255
6/20/2019,19.0088
6/21/2019,19.1245
6/22/2019,19.1245
6/24/2019,19.1967
6/25/2019,19.2293
6/26/2019,19.151
6/27/2019,19.1758
6/28/2019,19.2297
6/29/2019,19.2297
7/2/2019,19.0569
7/3/2019,19.0201
7/4/2019,19.0108
7/5/2019,19.0118
7/6/2019,19.0118
7/8/2019,18.9335
7/9/2019,19.1616
7/10/2019,19.1444
7/11/2019,19.0656
7/12/2019,18.9883
7/13/2019,18.9883
7/15/2019,18.9815
7/16/2019,19.1033
7/17/2019,19.0727
7/18/2019,18.9777
7/19/2019,19.0229
7/20/2019,19.0229
7/22/2019,19.0508
7/23/2019,19.1855
7/24/2019,19.0682
7/25/2019,19.0278
7/26/2019,19.0438
7/27/2019,19.0438
7/29/2019,19.0613
7/30/2019,19.0713
7/31/2019,19.1524
8/1/2019,19.2406
8/2/2019,19.3066
8/3/2019,19.3066
8/5/2019,19.7085
8/6/2019,19.597
8/7/2019,19.6422
8/8/2019,19.4186
8/9/2019,19.4104
8/10/2019,19.4104
8/12/2019,19.596
8/13/2019,19.3763
8/14/2019,19.6866
8/15/2019,19.6009
8/16/2019,19.6598
8/17/2019,19.6598
8/19/2019,19.8615
8/20/2019,19.7607
8/21/2019,19.6909
8/22/2019,19.823
8/23/2019,19.9222
8/24/2019,19.9222
8/26/2019,19.936
8/27/2019,19.996
8/28/2019,20.1662
8/29/2019,20.1493
8/30/2019,20.0675
8/31/2019,20.0675
9/2/2019,20.129
9/3/2019,19.9855
9/4/2019,19.7182
9/5/2019,19.7325
9/6/2019,19.5371
9/7/2019,19.5371
9/9/2019,19.5753
9/10/2019,19.5022
9/11/2019,19.5385
9/12/2019,19.4312
9/13/2019,19.4072
9/14/2019,19.408
9/16/2019,19.4349
9/17/2019,19.3629
9/18/2019,19.4094
9/19/2019,19.4451
9/20/2019,19.4508
9/21/2019,19.4508
9/23/2019,19.4955
9/24/2019,19.4641
9/25/2019,19.5786
9/26/2019,19.6671
9/27/2019,19.6914
9/28/2019,19.6914
9/30/2019,19.7361
10/1/2019,19.819
10/2/2019,19.8013
10/3/2019,19.6479
10/4/2019,19.5153
10/5/2019,19.5153
10/7/2019,19.5749
10/8/2019,19.6265
10/9/2019,19.6337
10/10/2019,19.4495
10/11/2019,19.3094
10/12/2019,19.3094
10/14/2019,19.2728
10/15/2019,19.2336
10/16/2019,19.2057
10/17/2019,19.1929
10/18/2019,19.104
10/19/2019,19.104
10/21/2019,19.132
10/22/2019,19.1431
10/23/2019,19.1201
10/24/2019,19.1354
10/25/2019,19.062
10/26/2019,19.0617
10/28/2019,19.1133
10/29/2019,19.1331
10/30/2019,19.0961
10/31/2019,19.2359
11/1/2019,19.1104
11/2/2019,19.1104
11/4/2019,19.1778
11/5/2019,19.1878
11/6/2019,19.1468
11/7/2019,19.139
11/8/2019,19.1054
11/9/2019,19.1054
11/11/2019,19.1128
11/12/2019,19.3169
11/13/2019,19.3575
11/14/2019,19.3189
11/15/2019,19.179
11/16/2019,19.179
11/18/2019,19.3109
11/19/2019,19.3512
11/20/2019,19.4678
11/21/2019,19.3863
11/22/2019,19.3763
11/23/2019,19.3763
11/25/2019,19.444
11/26/2019,19.5169
11/27/2019,19.5269
11/28/2019,19.4956
11/29/2019,19.5447
11/30/2019,19.5447
12/2/2019,19.5875
12/3/2019,19.5588
12/4/2019,19.4354
12/5/2019,19.3635
12/6/2019,19.2947
12/7/2019,19.2947
12/9/2019,19.2289
12/10/2019,19.2481
12/11/2019,19.1157
12/12/2019,19.0379
12/13/2019,19.0125
12/14/2019,19.0125
12/16/2019,18.9238
12/17/2019,18.9242
12/18/2019,18.9673
12/19/2019,18.9326
12/20/2019,18.9418
12/21/2019,18.9418
12/23/2019,18.9583
12/24/2019,18.9806
12/25/2019,18.975
12/26/2019,18.9414
12/27/2019,18.8464
12/28/2019,18.8464
12/30/2019,18.9397
12/31/2019,18.9324
1/1/2020,18.91
1/2/2020,18.8565
1/3/2020,18.9205
1/4/2020,18.9205
1/6/2020,18.845
1/7/2020,18.8936
1/8/2020,18.8179
1/9/2020,18.8521
1/10/2020,18.7948
1/11/2020,18.7948
1/13/2020,18.8051
1/14/2020,18.7947
1/15/2020,18.8065
1/16/2020,18.7833
1/17/2020,18.6592
1/18/2020,18.6592
1/20/2020,18.6645
1/21/2020,18.7731
1/22/2020,18.6875
1/23/2020,18.7638
1/24/2020,18.7873
1/25/2020,18.7873
1/27/2020,18.9112
1/28/2020,18.7241
1/29/2020,18.7015
1/30/2020,18.7866
1/31/2020,18.8436
2/1/2020,18.8436
2/3/2020,18.8209
2/4/2020,18.6688
2/5/2020,18.5946
2/6/2020,18.659
2/7/2020,18.7633
2/8/2020,18.7633
2/10/2020,18.7076
2/11/2020,18.6691
2/12/2020,18.628
2/13/2020,18.5987
2/14/2020,18.5417
2/15/2020,18.5417
2/17/2020,18.5579
2/18/2020,18.5882
2/19/2020,18.5693
2/20/2020,18.84
2/21/2020,18.9111
2/22/2020,18.9111
2/24/2020,19.0771
2/25/2020,19.0862
2/26/2020,19.2959
2/27/2020,19.5074
2/28/2020,19.6169
2/29/2020,19.6169
3/2/2020,19.4086
3/3/2020,19.4582
3/4/2020,19.5242
3/5/2020,19.8576
3/6/2020,20.1119
3/7/2020,20.1159
3/9/2020,20.9498
3/10/2020,20.7902
3/11/2020,21.3667
3/12/2020,21.9676
3/13/2020,21.917
3/14/2020,21.917
3/16/2020,22.6363
3/17/2020,22.9681
3/18/2020,23.7825
3/19/2020,24.0831
3/20/2020,24.4232
3/21/2020,24.4232
3/23/2020,25.4471
3/24/2020,24.7575
3/25/2020,24.0131
3/26/2020,23.4001
3/27/2020,23.391
3/28/2020,23.391
3/30/2020,23.8492
3/31/2020,23.7871
4/1/2020,24.249
4/2/2020,24.2315
4/3/2020,24.993
4/4/2020,24.993
4/6/2020,24.624
4/7/2020,24.3656
4/8/2020,23.9887
4/9/2020,23.5857
4/10/2020,23.3525
4/11/2020,23.3525
4/13/2020,23.6067
4/14/2020,23.4016
4/15/2020,24.2845
4/16/2020,23.7574
4/17/2020,23.7369
4/18/2020,23.7369
4/20/2020,23.9994
4/21/2020,24.3965
4/22/2020,24.4852
4/23/2020,24.8064
4/24/2020,24.9876
4/25/2020,24.9876
4/27/2020,24.7381
4/28/2020,24.3165
4/29/2020,23.751
4/30/2020,24.2195
5/1/2020,24.6026
5/2/2020,24.6026
5/4/2020,24.1054
5/5/2020,23.9872
5/6/2020,24.4891
5/7/2020,24.0084
5/8/2020,23.6724
5/9/2020,23.6726
5/11/2020,23.8958
5/12/2020,24.3275
5/13/2020,24.2202
5/14/2020,23.8628
5/15/2020,23.9558
5/16/2020,23.9558
5/18/2020,23.7553
5/19/2020,23.6994
5/20/2020,23.2063
5/21/2020,22.8859
5/22/2020,22.7304
5/23/2020,22.7304
5/25/2020,22.5593
5/26/2020,22.2268
5/27/2020,22.3386
5/28/2020,22.2395
5/29/2020,22.1672
5/30/2020,22.1672
6/1/2020,22.0578
6/2/2020,21.7985
6/3/2020,21.7204
6/4/2020,21.8945
6/5/2020,21.5923
6/6/2020,21.5823
6/8/2020,21.4972
6/9/2020,21.9106
6/10/2020,21.8859
6/11/2020,22.8606
6/12/2020,22.2577
6/13/2020,22.2577
6/15/2020,22.1973
6/16/2020,22.3506
6/17/2020,22.3092
6/18/2020,22.7204
6/19/2020,22.6414
6/20/2020,22.6414
6/22/2020,22.4502
6/23/2020,22.4065
6/24/2020,22.7844
6/25/2020,22.6797
6/26/2020,23.0567
6/27/2020,23.0567
6/29/2020,23.0547
6/30/2020,23.0163
7/1/2020,22.6703
7/2/2020,22.4602
7/3/2020,22.3861
7/4/2020,22.3861
7/6/2020,22.3386
7/7/2020,22.8291
7/8/2020,22.6923
7/9/2020,22.631
7/10/2020,22.4488
7/11/2020,22.4488
7/13/2020,22.7221
7/14/2020,22.3875
7/15/2020,22.3434
7/16/2020,22.4167
7/17/2020,22.5455
7/18/2020,22.5455
7/20/2020,22.5035
7/21/2020,22.3198
7/22/2020,22.3689
7/23/2020,22.4796
7/24/2020,22.2823
7/25/2020,22.2823
7/27/2020,21.9407
7/28/2020,21.9426
7/29/2020,21.9827
7/30/2020,22.025
7/31/2020,22.2723
8/1/2020,22.2723
8/3/2020,22.6512
8/4/2020,22.6524
8/5/2020,22.3577
8/6/2020,22.3898
8/7/2020,22.3854
8/8/2020,22.3854
8/10/2020,22.4835
8/11/2020,22.4171
8/12/2020,22.3636
8/13/2020,22.1647
8/14/2020,21.9668
8/15/2020,21.9668
8/17/2020,22.1607
8/18/2020,22.1342
8/19/2020,22.1334
8/20/2020,22.0943
8/21/2020,21.9764
8/22/2020,21.9764
8/24/2020,21.9972
8/25/2020,21.9077
8/26/2020,21.9429
8/27/2020,22.1517
8/28/2020,21.7536
8/29/2020,21.7536
8/31/2020,21.9209
9/1/2020,21.7675
9/2/2020,21.7385
9/3/2020,21.693
9/4/2020,21.5647
9/5/2020,21.5647
9/7/2020,21.6088
9/8/2020,21.8371
9/9/2020,21.3757
9/10/2020,21.4325
9/11/2020,21.2755
9/12/2020,21.2755
9/14/2020,21.0668
9/15/2020,21.1417
9/16/2020,20.9631
9/17/2020,20.8761
9/18/2020,21.1392
9/19/2020,21.1392
9/21/2020,21.3675
9/22/2020,21.7353
9/23/2020,22.3692
9/24/2020,22.1689
9/25/2020,22.3419
9/26/2020,22.3419
9/28/2020,22.4058
9/29/2020,22.399
9/30/2020,22.0842
10/1/2020,21.8368
10/2/2020,21.6304
10/3/2020,21.6304
10/5/2020,21.3655
10/6/2020,21.7302
10/7/2020,21.4482
10/8/2020,21.3718
10/9/2020,21.1329
10/10/2020,21.1329
10/12/2020,21.2056
10/13/2020,21.3316
10/14/2020,21.3339
10/15/2020,21.2969
10/16/2020,21.1332
10/17/2020,21.1332
10/19/2020,21.2048
10/20/2020,21.1148
10/21/2020,21.1125
10/22/2020,20.9592
10/23/2020,20.8628
10/24/2020,20.8628
10/26/2020,20.9531
10/27/2020,21.0624
10/28/2020,21.2499
10/29/2020,21.3875
10/30/2020,21.1864
10/31/2020,21.1864
11/2/2020,21.3787
11/3/2020,21.1257
11/4/2020,20.9385
11/5/2020,20.6792
11/6/2020,20.5823
11/7/2020,20.5823
11/9/2020,20.3288
11/10/2020,20.3103
11/11/2020,20.4763
11/12/2020,20.6033
11/13/2020,20.4097
11/14/2020,20.4057
11/16/2020,20.2651
11/17/2020,20.2591
11/18/2020,20.3386
11/19/2020,20.205
11/20/2020,20.1072
11/21/2020,20.1072
11/23/2020,20.1557
11/24/2020,20.0292
11/25/2020,19.9683
11/26/2020,20.0176
11/27/2020,20.0321
11/28/2020,20.0376
11/30/2020,20.1767
12/1/2020,20.034
12/2/2020,19.9768
12/3/2020,19.9008
12/4/2020,19.7731
12/5/2020,19.7731
12/7/2020,19.8934
12/8/2020,19.7861
12/9/2020,19.9003
12/10/2020,20.0131
12/11/2020,20.1341
12/12/2020,20.1341
12/14/2020,20.2423
12/15/2020,19.9178
12/16/2020,19.8592
12/17/2020,19.8118
12/18/2020,19.9378
12/19/2020,19.9378
12/21/2020,19.9727
12/22/2020,20.1405
12/23/2020,20.07
12/24/2020,19.883
12/25/2020,19.8821
12/26/2020,19.8821
12/28/2020,20.033
12/29/2020,19.9236
12/30/2020,19.9012
12/31/2020,19.8848
